{"stats":{"minecraft:picked_up":{"minecraft:sand":2,"minecraft:dirt":4,"minecraft:mutton":2,"minecraft:white_wool":1},"minecraft:killed":{"minecraft:sheep":1,"minecraft:spider":1},"minecraft:mined":{"minecraft:oak_leaves":12},"minecraft:custom":{"minecraft:time_since_rest":7134,"minecraft:crouch_one_cm":242,"minecraft:sprint_one_cm":58786,"minecraft:play_time":7134,"minecraft:damage_taken":168,"minecraft:walk_one_cm":6902,"minecraft:sneak_time":230,"minecraft:walk_under_water_one_cm":51,"minecraft:mob_kills":2,"minecraft:jump":248,"minecraft:damage_dealt":258,"minecraft:leave_game":1,"minecraft:walk_on_water_one_cm":116,"minecraft:time_since_death":7134,"minecraft:climb_one_cm":12,"minecraft:total_world_time":7134,"minecraft:swim_one_cm":1370,"minecraft:interact_with_crafting_table":1,"minecraft:fall_one_cm":9376,"minecraft:fly_one_cm":35661},"minecraft:used":{"minecraft:mutton":2}},"DataVersion":3953}