{"stats":{"minecraft:picked_up":{"minecraft:crafting_table":1,"minecraft:pumpkin":1,"minecraft:porkchop":7,"minecraft:sand":2,"minecraft:oak_log":2,"minecraft:white_bed":1,"minecraft:dirt":5,"minecraft:wheat_seeds":10,"minecraft:hay_block":14,"minecraft:iron_ingot":4,"minecraft:poppy":1,"minecraft:melon_slice":129,"minecraft:sugar_cane":14,"minecraft:mutton":5,"minecraft:white_wool":3,"minecraft:egg":1},"minecraft:crafted":{"minecraft:oak_planks":8,"minecraft:crafting_table":1,"minecraft:white_bed":1},"minecraft:killed":{"minecraft:sheep":3,"minecraft:pig":4,"minecraft:iron_golem":1,"minecraft:spider":1},"minecraft:mined":{"minecraft:hay_block":14,"minecraft:white_bed":1,"minecraft:pumpkin":1,"minecraft:crafting_table":1,"minecraft:short_grass":28,"minecraft:grass_block":1,"minecraft:oak_log":2,"minecraft:melon":25,"minecraft:tall_grass":4,"minecraft:sugar_cane":8,"minecraft:oak_leaves":12,"minecraft:fern":2},"minecraft:custom":{"minecraft:time_since_rest":14364,"minecraft:sprint_one_cm":172854,"minecraft:damage_taken":288,"minecraft:walk_one_cm":47270,"minecraft:mob_kills":9,"minecraft:damage_dealt":1787,"minecraft:talked_to_villager":3,"minecraft:swim_one_cm":23336,"minecraft:interact_with_crafting_table":2,"minecraft:fly_one_cm":161891,"minecraft:open_chest":5,"minecraft:crouch_one_cm":242,"minecraft:play_time":37134,"minecraft:sneak_time":246,"minecraft:walk_under_water_one_cm":1898,"minecraft:jump":767,"minecraft:leave_game":1,"minecraft:time_since_death":37134,"minecraft:walk_on_water_one_cm":5844,"minecraft:sleep_in_bed":1,"minecraft:total_world_time":37134,"minecraft:climb_one_cm":12,"minecraft:fall_one_cm":24904},"minecraft:used":{"minecraft:iron_pickaxe":1,"minecraft:melon_slice":18,"minecraft:poppy":1,"minecraft:sugar_cane":14,"minecraft:golden_sword":26,"minecraft:dirt":4,"minecraft:mutton":5,"minecraft:hay_block":3,"minecraft:crafting_table":1,"minecraft:porkchop":6,"minecraft:white_bed":1,"minecraft:egg":1}},"DataVersion":3953}