{"stats":{"minecraft:dropped":{"minecraft:rotten_flesh":10},"minecraft:picked_up":{"minecraft:stick":1,"minecraft:crafting_table":2,"minecraft:pumpkin":2,"minecraft:porkchop":8,"minecraft:sand":4,"minecraft:oak_log":2,"minecraft:white_bed":2,"minecraft:golden_sword":1,"minecraft:dirt":5,"minecraft:paper":3,"minecraft:flint_and_steel":1,"minecraft:compass":1,"minecraft:rotten_flesh":10,"minecraft:apple":5,"minecraft:diamond":1,"minecraft:wheat_seeds":21,"minecraft:hay_block":35,"minecraft:iron_ingot":8,"minecraft:saddle":1,"minecraft:bread":10,"minecraft:iron_nugget":26,"minecraft:poppy":1,"minecraft:iron_pickaxe":2,"minecraft:melon_slice":239,"minecraft:sugar_cane":24,"minecraft:mutton":5,"minecraft:oak_planks":1,"minecraft:white_wool":3,"minecraft:iron_boots":1,"minecraft:egg":2},"minecraft:killed":{"minecraft:sheep":3,"minecraft:pig":4,"minecraft:spider":1,"minecraft:iron_golem":1},"minecraft:broken":{"minecraft:golden_sword":1},"minecraft:custom":{"minecraft:time_since_rest":1467,"minecraft:sprint_one_cm":224865,"minecraft:damage_taken":725,"minecraft:walk_one_cm":65050,"minecraft:mob_kills":11,"minecraft:drop":7,"minecraft:damage_dealt":2028,"minecraft:interact_with_crafting_table":3,"minecraft:swim_one_cm":32595,"minecraft:talked_to_villager":5,"minecraft:fly_one_cm":255833,"minecraft:open_chest":6,"minecraft:play_time":66352,"minecraft:crouch_one_cm":368,"minecraft:deaths":1,"minecraft:sneak_time":287,"minecraft:walk_under_water_one_cm":2962,"minecraft:jump":1291,"minecraft:leave_game":3,"minecraft:time_since_death":27903,"minecraft:total_world_time":66352,"minecraft:walk_on_water_one_cm":10954,"minecraft:sleep_in_bed":5,"minecraft:climb_one_cm":12,"minecraft:fall_one_cm":42166},"minecraft:killed_by":{"minecraft:zombie":1},"minecraft:crafted":{"minecraft:oak_planks":8,"minecraft:crafting_table":1,"minecraft:white_bed":1},"minecraft:used":{"minecraft:apple":4,"minecraft:melon_slice":29,"minecraft:iron_pickaxe":1,"minecraft:poppy":1,"minecraft:sugar_cane":18,"minecraft:dirt":4,"minecraft:golden_sword":32,"minecraft:mutton":5,"minecraft:hay_block":3,"minecraft:crafting_table":1,"minecraft:porkchop":6,"minecraft:white_bed":2,"minecraft:egg":2},"minecraft:mined":{"minecraft:hay_block":24,"minecraft:white_bed":1,"minecraft:pumpkin":1,"minecraft:crafting_table":1,"minecraft:short_grass":29,"minecraft:grass_block":1,"minecraft:oak_log":2,"minecraft:melon":25,"minecraft:tall_grass":4,"minecraft:sugar_cane":17,"minecraft:oak_leaves":12,"minecraft:fern":2}},"DataVersion":3953}