{"stats":{"minecraft:picked_up":{"minecraft:crafting_table":3,"minecraft:ominous_bottle":2,"minecraft:oak_stairs":4,"minecraft:golden_sword":1,"minecraft:string":8,"minecraft:raw_copper":18,"minecraft:iron_axe":2,"minecraft:flint_and_steel":2,"minecraft:compass":2,"minecraft:cobbled_deepslate":1,"minecraft:iron_nugget":26,"minecraft:poppy":1,"minecraft:iron_pickaxe":6,"minecraft:melon_slice":329,"minecraft:sugar_cane":30,"minecraft:iron_boots":2,"minecraft:egg":4,"minecraft:raw_iron":61,"minecraft:stick":8,"minecraft:acacia_log":1,"minecraft:porkchop":9,"minecraft:diorite":16,"minecraft:carrot":4,"minecraft:redstone":62,"minecraft:arrow":6,"minecraft:rotten_flesh":12,"minecraft:hay_block":56,"minecraft:armadillo_scute":6,"minecraft:saddle":2,"minecraft:mutton":16,"minecraft:white_wool":10,"minecraft:cobblestone":273,"minecraft:oak_log":140,"minecraft:dirt":60,"minecraft:lapis_lazuli":69,"minecraft:paper":10,"minecraft:white_banner":2,"minecraft:bone":9,"minecraft:apple":5,"minecraft:bow":1,"minecraft:wheat_seeds":35,"minecraft:bell":7,"minecraft:iron_ingot":8,"minecraft:oak_planks":85,"minecraft:pumpkin":6,"minecraft:sand":316,"minecraft:white_bed":3,"minecraft:spider_eye":1,"minecraft:diamond":2,"minecraft:bread":88,"minecraft:oak_sapling":10,"minecraft:coal":88},"minecraft:killed":{"minecraft:spider":7,"minecraft:skeleton":7,"minecraft:pig":4,"minecraft:iron_golem":1,"minecraft:creeper":1,"minecraft:sheep":10,"minecraft:pillager":1,"minecraft:zombie":4},"minecraft:crafted":{"minecraft:oak_planks":444,"minecraft:stone_shovel":4,"minecraft:furnace":1,"minecraft:bone_meal":9,"minecraft:glass":213,"minecraft:iron_axe":1,"minecraft:stone_pickaxe":1,"minecraft:chest":2,"minecraft:crafting_table":2,"minecraft:iron_helmet":1,"minecraft:air":0,"minecraft:oak_boat":2,"minecraft:iron_chestplate":1,"minecraft:shield":1,"minecraft:stick":12,"minecraft:iron_ingot":62,"minecraft:oak_stairs":12,"minecraft:stone_sword":1,"minecraft:iron_leggings":1,"minecraft:white_bed":1,"minecraft:acacia_planks":4,"minecraft:torch":4},"minecraft:dropped":{"minecraft:iron_ingot":1,"minecraft:diorite":5,"minecraft:armadillo_scute":4,"minecraft:pumpkin":4,"minecraft:iron_axe":1,"minecraft:iron_pickaxe":2,"minecraft:string":3,"minecraft:acacia_planks":4,"minecraft:iron_nugget":26,"minecraft:cobbled_deepslate":1,"minecraft:raw_copper":5,"minecraft:rotten_flesh":10,"minecraft:hay_block":21,"minecraft:spider_eye":1,"minecraft:arrow":1,"minecraft:glass":3,"minecraft:bell":1},"minecraft:used":{"minecraft:stone_sword":101,"minecraft:stone_shovel":254,"minecraft:poppy":1,"minecraft:chest":1,"minecraft:shield":26,"minecraft:bell":5,"minecraft:torch":4,"minecraft:dirt":54,"minecraft:mutton":16,"minecraft:carrot":4,"minecraft:glass":157,"minecraft:iron_axe":143,"minecraft:oak_stairs":16,"minecraft:golden_sword":32,"minecraft:bow":1,"minecraft:hay_block":3,"minecraft:oak_sapling":2,"minecraft:furnace":1,"minecraft:egg":2,"minecraft:diorite":11,"minecraft:oak_planks":398,"minecraft:sugar_cane":18,"minecraft:sand":5,"minecraft:crafting_table":4,"minecraft:white_bed":3,"minecraft:oak_log":29,"minecraft:apple":5,"minecraft:melon_slice":91,"minecraft:bread":14,"minecraft:iron_pickaxe":491,"minecraft:cobblestone":34,"minecraft:porkchop":7,"minecraft:oak_boat":2,"minecraft:bone_meal":9},"minecraft:broken":{"minecraft:golden_sword":1,"minecraft:iron_pickaxe":1,"minecraft:stone_shovel":1},"minecraft:custom":{"minecraft:mob_kills":39,"minecraft:interact_with_crafting_table":22,"minecraft:bell_ring":360,"minecraft:leave_game":9,"minecraft:time_since_death":20061,"minecraft:climb_one_cm":12,"minecraft:sprint_one_cm":773275,"minecraft:walk_one_cm":252722,"minecraft:damage_blocked_by_shield":895,"minecraft:drop":27,"minecraft:talked_to_villager":8,"minecraft:play_time":278063,"minecraft:deaths":7,"minecraft:sneak_time":18694,"minecraft:walk_under_water_one_cm":24783,"minecraft:boat_one_cm":99728,"minecraft:jump":4511,"minecraft:walk_on_water_one_cm":57860,"minecraft:total_world_time":278063,"minecraft:interact_with_furnace":34,"minecraft:sleep_in_bed":16,"minecraft:time_since_rest":2389,"minecraft:damage_taken":3299,"minecraft:damage_dealt":6274,"minecraft:swim_one_cm":159583,"minecraft:fly_one_cm":792242,"minecraft:open_chest":21,"minecraft:crouch_one_cm":51958,"minecraft:fall_one_cm":131422,"minecraft:horse_one_cm":95972},"minecraft:killed_by":{"minecraft:player":1,"minecraft:creeper":2,"minecraft:skeleton":1,"minecraft:zombie":3},"minecraft:mined":{"minecraft:white_bed":2,"minecraft:glow_lichen":2,"minecraft:acacia_log":1,"minecraft:grass_block":6,"minecraft:hay_block":24,"minecraft:redstone_ore":12,"minecraft:iron_ore":38,"minecraft:pumpkin":4,"minecraft:deepslate_lapis_ore":1,"minecraft:bell":7,"minecraft:deepslate_iron_ore":23,"minecraft:oak_stairs":4,"minecraft:stone":280,"minecraft:deepslate_redstone_ore":2,"minecraft:crafting_table":2,"minecraft:short_grass":36,"minecraft:melon":25,"minecraft:tall_grass":5,"minecraft:glass":5,"minecraft:copper_ore":5,"minecraft:cobblestone":3,"minecraft:lapis_ore":11,"minecraft:sugar_cane":17,"minecraft:oak_planks":22,"minecraft:diorite":10,"minecraft:wheat":1,"minecraft:oak_log":125,"minecraft:coal_ore":85,"minecraft:sand":316,"minecraft:dirt":15,"minecraft:oak_leaves":31,"minecraft:deepslate":2,"minecraft:fern":2}},"DataVersion":3953}