{"stats":{"minecraft:picked_up":{"minecraft:crafting_table":3,"minecraft:ominous_bottle":2,"minecraft:oak_stairs":4,"minecraft:golden_sword":1,"minecraft:string":8,"minecraft:raw_copper":27,"minecraft:iron_axe":2,"minecraft:flint_and_steel":2,"minecraft:compass":2,"minecraft:cobbled_deepslate":1,"minecraft:iron_nugget":26,"minecraft:poppy":1,"minecraft:iron_pickaxe":6,"minecraft:melon_slice":329,"minecraft:sugar_cane":30,"minecraft:iron_boots":2,"minecraft:egg":4,"minecraft:stick":8,"minecraft:raw_iron":61,"minecraft:acacia_fence":2,"minecraft:acacia_log":30,"minecraft:porkchop":9,"minecraft:diorite":61,"minecraft:carrot":4,"minecraft:redstone":62,"minecraft:arrow":6,"minecraft:rotten_flesh":12,"minecraft:hay_block":56,"minecraft:armadillo_scute":6,"minecraft:saddle":2,"minecraft:oak_chest_boat":1,"minecraft:mutton":16,"minecraft:white_wool":10,"minecraft:cobblestone":598,"minecraft:birch_log":2,"minecraft:andesite":1,"minecraft:oak_log":162,"minecraft:lapis_lazuli":69,"minecraft:dirt":66,"minecraft:paper":10,"minecraft:white_banner":2,"minecraft:bone":9,"minecraft:apple":5,"minecraft:bow":1,"minecraft:wheat_seeds":35,"minecraft:bell":7,"minecraft:iron_ingot":8,"minecraft:oak_planks":85,"minecraft:pumpkin":6,"minecraft:dripstone_block":1,"minecraft:gravel":1,"minecraft:sand":316,"minecraft:white_bed":3,"minecraft:spider_eye":1,"minecraft:diamond":2,"minecraft:granite":17,"minecraft:bread":88,"minecraft:oak_sapling":12,"minecraft:coal":97},"minecraft:dropped":{"minecraft:iron_ingot":2,"minecraft:oak_fence":20,"minecraft:diorite":35,"minecraft:armadillo_scute":4,"minecraft:pumpkin":4,"minecraft:iron_axe":1,"minecraft:iron_pickaxe":2,"minecraft:string":3,"minecraft:white_wool":7,"minecraft:acacia_planks":4,"minecraft:gravel":1,"minecraft:iron_nugget":26,"minecraft:cobbled_deepslate":1,"minecraft:raw_copper":5,"minecraft:rotten_flesh":12,"minecraft:hay_block":21,"minecraft:spider_eye":1,"minecraft:arrow":1,"minecraft:glass":3,"minecraft:bell":1,"minecraft:acacia_fence":50},"minecraft:killed":{"minecraft:spider":7,"minecraft:skeleton":7,"minecraft:pig":4,"minecraft:iron_golem":1,"minecraft:creeper":1,"minecraft:sheep":10,"minecraft:pillager":1,"minecraft:zombie":4},"minecraft:broken":{"minecraft:stone_pickaxe":2,"minecraft:golden_sword":1,"minecraft:iron_pickaxe":2,"minecraft:stone_shovel":1},"minecraft:custom":{"minecraft:mob_kills":39,"minecraft:interact_with_crafting_table":28,"minecraft:bell_ring":360,"minecraft:leave_game":13,"minecraft:time_since_death":28266,"minecraft:climb_one_cm":12,"minecraft:sprint_one_cm":980822,"minecraft:walk_one_cm":318004,"minecraft:damage_blocked_by_shield":895,"minecraft:drop":36,"minecraft:talked_to_villager":8,"minecraft:play_time":382630,"minecraft:deaths":9,"minecraft:sneak_time":21058,"minecraft:walk_under_water_one_cm":30311,"minecraft:boat_one_cm":192947,"minecraft:jump":5243,"minecraft:walk_on_water_one_cm":64763,"minecraft:total_world_time":382630,"minecraft:interact_with_furnace":37,"minecraft:sleep_in_bed":23,"minecraft:time_since_rest":18626,"minecraft:damage_taken":4088,"minecraft:damage_dealt":6324,"minecraft:swim_one_cm":181834,"minecraft:fly_one_cm":951726,"minecraft:open_chest":33,"minecraft:crouch_one_cm":55919,"minecraft:fall_one_cm":154273,"minecraft:horse_one_cm":95972},"minecraft:killed_by":{"minecraft:player":1,"minecraft:creeper":2,"minecraft:skeleton":3,"minecraft:zombie":3},"minecraft:crafted":{"minecraft:oak_planks":532,"minecraft:stone_shovel":4,"minecraft:furnace":1,"minecraft:bone_meal":9,"minecraft:glass":213,"minecraft:iron_axe":1,"minecraft:stone_pickaxe":5,"minecraft:chest":2,"minecraft:acacia_fence":48,"minecraft:oak_fence":39,"minecraft:crafting_table":3,"minecraft:iron_helmet":1,"minecraft:birch_planks":8,"minecraft:acacia_boat":1,"minecraft:air":0,"minecraft:oak_boat":2,"minecraft:iron_chestplate":1,"minecraft:shield":1,"minecraft:stick":104,"minecraft:iron_ingot":62,"minecraft:oak_stairs":24,"minecraft:stone_sword":1,"minecraft:iron_leggings":1,"minecraft:white_bed":1,"minecraft:acacia_planks":120,"minecraft:torch":12},"minecraft:used":{"minecraft:stone_sword":102,"minecraft:stone_shovel":254,"minecraft:poppy":1,"minecraft:chest":1,"minecraft:shield":26,"minecraft:bell":5,"minecraft:torch":9,"minecraft:dirt":54,"minecraft:mutton":16,"minecraft:carrot":4,"minecraft:glass":235,"minecraft:iron_axe":165,"minecraft:oak_stairs":19,"minecraft:golden_sword":32,"minecraft:bow":1,"minecraft:hay_block":3,"minecraft:oak_sapling":2,"minecraft:furnace":1,"minecraft:egg":2,"minecraft:oak_chest_boat":1,"minecraft:acacia_boat":1,"minecraft:diorite":11,"minecraft:stone_pickaxe":375,"minecraft:oak_planks":400,"minecraft:sugar_cane":18,"minecraft:sand":5,"minecraft:crafting_table":5,"minecraft:white_bed":3,"minecraft:dripstone_block":1,"minecraft:oak_log":29,"minecraft:apple":5,"minecraft:bread":17,"minecraft:melon_slice":116,"minecraft:iron_pickaxe":494,"minecraft:cobblestone":40,"minecraft:porkchop":7,"minecraft:andesite":1,"minecraft:oak_boat":2,"minecraft:bone_meal":9},"minecraft:mined":{"minecraft:white_bed":2,"minecraft:glow_lichen":2,"minecraft:granite":17,"minecraft:acacia_log":1,"minecraft:grass_block":7,"minecraft:hay_block":24,"minecraft:redstone_ore":12,"minecraft:iron_ore":38,"minecraft:andesite":1,"minecraft:pumpkin":4,"minecraft:deepslate_lapis_ore":1,"minecraft:bell":7,"minecraft:deepslate_iron_ore":23,"minecraft:oak_stairs":4,"minecraft:stone":605,"minecraft:deepslate_redstone_ore":2,"minecraft:crafting_table":2,"minecraft:short_grass":41,"minecraft:melon":25,"minecraft:glass":7,"minecraft:tall_grass":5,"minecraft:copper_ore":8,"minecraft:cobblestone":3,"minecraft:lapis_ore":11,"minecraft:sugar_cane":17,"minecraft:oak_planks":22,"minecraft:diorite":25,"minecraft:birch_log":2,"minecraft:wheat":1,"minecraft:oak_log":147,"minecraft:coal_ore":94,"minecraft:dripstone_block":1,"minecraft:gravel":1,"minecraft:sand":316,"minecraft:dirt":20,"minecraft:oak_leaves":31,"minecraft:deepslate":2,"minecraft:fern":2}},"DataVersion":3953}