{"stats":{"minecraft:picked_up":{"minecraft:crafting_table":3,"minecraft:ominous_bottle":2,"minecraft:oak_log":62,"minecraft:golden_sword":1,"minecraft:paper":10,"minecraft:dirt":7,"minecraft:lapis_lazuli":20,"minecraft:string":2,"minecraft:white_banner":2,"minecraft:raw_copper":5,"minecraft:iron_axe":1,"minecraft:flint_and_steel":2,"minecraft:bone":3,"minecraft:compass":2,"minecraft:apple":5,"minecraft:wheat_seeds":34,"minecraft:iron_ingot":8,"minecraft:iron_nugget":26,"minecraft:poppy":1,"minecraft:iron_pickaxe":4,"minecraft:sugar_cane":30,"minecraft:melon_slice":329,"minecraft:oak_planks":78,"minecraft:iron_boots":2,"minecraft:egg":2,"minecraft:stick":6,"minecraft:raw_iron":23,"minecraft:pumpkin":3,"minecraft:acacia_log":1,"minecraft:porkchop":9,"minecraft:sand":71,"minecraft:diorite":16,"minecraft:white_bed":3,"minecraft:spider_eye":1,"minecraft:arrow":1,"minecraft:rotten_flesh":10,"minecraft:diamond":2,"minecraft:hay_block":56,"minecraft:armadillo_scute":4,"minecraft:saddle":2,"minecraft:bread":24,"minecraft:oak_sapling":10,"minecraft:mutton":5,"minecraft:coal":86,"minecraft:white_wool":3,"minecraft:cobblestone":136},"minecraft:dropped":{"minecraft:iron_ingot":1,"minecraft:iron_nugget":26,"minecraft:raw_copper":5,"minecraft:rotten_flesh":10,"minecraft:hay_block":21,"minecraft:acacia_planks":4},"minecraft:killed":{"minecraft:pig":4,"minecraft:spider":6,"minecraft:iron_golem":1,"minecraft:sheep":3,"minecraft:pillager":1,"minecraft:zombie":1},"minecraft:broken":{"minecraft:golden_sword":1},"minecraft:custom":{"minecraft:interact_with_furnace":14,"minecraft:mob_kills":20,"minecraft:interact_with_crafting_table":14,"minecraft:leave_game":6,"minecraft:time_since_death":43881,"minecraft:sleep_in_bed":8,"minecraft:climb_one_cm":12,"minecraft:time_since_rest":9523,"minecraft:sprint_one_cm":384214,"minecraft:damage_taken":1561,"minecraft:damage_blocked_by_shield":626,"minecraft:walk_one_cm":116315,"minecraft:drop":12,"minecraft:damage_dealt":3409,"minecraft:swim_one_cm":90605,"minecraft:talked_to_villager":5,"minecraft:fly_one_cm":415482,"minecraft:open_chest":6,"minecraft:crouch_one_cm":16618,"minecraft:play_time":137398,"minecraft:deaths":3,"minecraft:sneak_time":6134,"minecraft:walk_under_water_one_cm":16142,"minecraft:boat_one_cm":29818,"minecraft:jump":2382,"minecraft:walk_on_water_one_cm":32941,"minecraft:total_world_time":137398,"minecraft:fall_one_cm":68968},"minecraft:killed_by":{"minecraft:skeleton":1,"minecraft:zombie":2},"minecraft:crafted":{"minecraft:oak_planks":132,"minecraft:crafting_table":2,"minecraft:iron_helmet":1,"minecraft:furnace":1,"minecraft:oak_boat":1,"minecraft:glass":64,"minecraft:iron_chestplate":1,"minecraft:shield":1,"minecraft:iron_axe":1,"minecraft:stick":4,"minecraft:iron_ingot":24,"minecraft:stone_pickaxe":1,"minecraft:stone_sword":1,"minecraft:iron_leggings":1,"minecraft:white_bed":1,"minecraft:acacia_planks":4,"minecraft:torch":4},"minecraft:used":{"minecraft:diorite":11,"minecraft:stone_sword":22,"minecraft:oak_planks":122,"minecraft:poppy":1,"minecraft:shield":19,"minecraft:sugar_cane":18,"minecraft:torch":4,"minecraft:sand":3,"minecraft:dirt":6,"minecraft:mutton":5,"minecraft:crafting_table":4,"minecraft:white_bed":3,"minecraft:glass":64,"minecraft:apple":5,"minecraft:iron_axe":67,"minecraft:melon_slice":62,"minecraft:iron_pickaxe":268,"minecraft:golden_sword":32,"minecraft:cobblestone":17,"minecraft:hay_block":3,"minecraft:furnace":1,"minecraft:porkchop":7,"minecraft:egg":2,"minecraft:oak_boat":1},"minecraft:mined":{"minecraft:white_bed":2,"minecraft:crafting_table":2,"minecraft:glow_lichen":2,"minecraft:short_grass":31,"minecraft:acacia_log":1,"minecraft:grass_block":1,"minecraft:melon":25,"minecraft:glass":3,"minecraft:tall_grass":4,"minecraft:copper_ore":2,"minecraft:cobblestone":2,"minecraft:oak_planks":15,"minecraft:lapis_ore":3,"minecraft:sugar_cane":17,"minecraft:diorite":10,"minecraft:hay_block":24,"minecraft:iron_ore":23,"minecraft:pumpkin":1,"minecraft:oak_log":62,"minecraft:coal_ore":83,"minecraft:sand":66,"minecraft:stone":133,"minecraft:oak_leaves":22,"minecraft:fern":2}},"DataVersion":3953}