{"stats":{"minecraft:picked_up":{"minecraft:crafting_table":3,"minecraft:ominous_bottle":2,"minecraft:oak_stairs":3,"minecraft:oak_log":62,"minecraft:golden_sword":1,"minecraft:dirt":49,"minecraft:lapis_lazuli":20,"minecraft:string":8,"minecraft:paper":10,"minecraft:white_banner":2,"minecraft:raw_copper":5,"minecraft:iron_axe":2,"minecraft:flint_and_steel":2,"minecraft:compass":2,"minecraft:bone":8,"minecraft:apple":5,"minecraft:bow":1,"minecraft:wheat_seeds":35,"minecraft:bell":7,"minecraft:iron_ingot":8,"minecraft:iron_nugget":26,"minecraft:poppy":1,"minecraft:iron_pickaxe":6,"minecraft:melon_slice":329,"minecraft:sugar_cane":30,"minecraft:oak_planks":78,"minecraft:iron_boots":2,"minecraft:egg":3,"minecraft:stick":6,"minecraft:raw_iron":23,"minecraft:pumpkin":6,"minecraft:acacia_log":1,"minecraft:porkchop":9,"minecraft:sand":316,"minecraft:diorite":16,"minecraft:white_bed":3,"minecraft:carrot":4,"minecraft:spider_eye":1,"minecraft:arrow":5,"minecraft:rotten_flesh":10,"minecraft:diamond":2,"minecraft:hay_block":56,"minecraft:armadillo_scute":5,"minecraft:saddle":2,"minecraft:bread":88,"minecraft:oak_sapling":10,"minecraft:mutton":15,"minecraft:coal":87,"minecraft:white_wool":10,"minecraft:cobblestone":175},"minecraft:killed":{"minecraft:pig":4,"minecraft:spider":7,"minecraft:iron_golem":1,"minecraft:skeleton":6,"minecraft:sheep":10,"minecraft:pillager":1,"minecraft:zombie":1},"minecraft:crafted":{"minecraft:oak_planks":188,"minecraft:stone_shovel":4,"minecraft:crafting_table":2,"minecraft:iron_helmet":1,"minecraft:furnace":1,"minecraft:bone_meal":9,"minecraft:air":0,"minecraft:oak_boat":2,"minecraft:glass":165,"minecraft:iron_chestplate":1,"minecraft:shield":1,"minecraft:iron_axe":1,"minecraft:stick":12,"minecraft:iron_ingot":24,"minecraft:stone_pickaxe":1,"minecraft:oak_stairs":12,"minecraft:stone_sword":1,"minecraft:chest":1,"minecraft:iron_leggings":1,"minecraft:white_bed":1,"minecraft:acacia_planks":4,"minecraft:torch":4},"minecraft:dropped":{"minecraft:iron_ingot":1,"minecraft:iron_nugget":26,"minecraft:raw_copper":5,"minecraft:rotten_flesh":10,"minecraft:hay_block":21,"minecraft:diorite":5,"minecraft:glass":3,"minecraft:spider_eye":1,"minecraft:pumpkin":4,"minecraft:iron_axe":1,"minecraft:iron_pickaxe":2,"minecraft:bell":1,"minecraft:string":3,"minecraft:acacia_planks":4},"minecraft:used":{"minecraft:diorite":11,"minecraft:stone_sword":67,"minecraft:stone_shovel":254,"minecraft:poppy":1,"minecraft:oak_planks":140,"minecraft:chest":1,"minecraft:shield":25,"minecraft:bell":5,"minecraft:sugar_cane":18,"minecraft:torch":4,"minecraft:sand":5,"minecraft:dirt":48,"minecraft:mutton":15,"minecraft:crafting_table":4,"minecraft:carrot":4,"minecraft:white_bed":3,"minecraft:glass":157,"minecraft:apple":5,"minecraft:iron_pickaxe":316,"minecraft:iron_axe":70,"minecraft:oak_stairs":9,"minecraft:melon_slice":88,"minecraft:bow":1,"minecraft:cobblestone":20,"minecraft:golden_sword":32,"minecraft:porkchop":7,"minecraft:hay_block":3,"minecraft:furnace":1,"minecraft:oak_boat":2,"minecraft:egg":2,"minecraft:bone_meal":9},"minecraft:broken":{"minecraft:golden_sword":1,"minecraft:stone_shovel":1},"minecraft:custom":{"minecraft:interact_with_furnace":26,"minecraft:mob_kills":34,"minecraft:interact_with_crafting_table":20,"minecraft:bell_ring":360,"minecraft:leave_game":7,"minecraft:time_since_death":18528,"minecraft:sleep_in_bed":11,"minecraft:climb_one_cm":12,"minecraft:time_since_rest":18565,"minecraft:sprint_one_cm":569792,"minecraft:damage_taken":2126,"minecraft:damage_blocked_by_shield":865,"minecraft:walk_one_cm":179009,"minecraft:drop":24,"minecraft:damage_dealt":5109,"minecraft:swim_one_cm":119670,"minecraft:talked_to_villager":8,"minecraft:fly_one_cm":616347,"minecraft:open_chest":10,"minecraft:play_time":195448,"minecraft:crouch_one_cm":25493,"minecraft:deaths":4,"minecraft:sneak_time":10840,"minecraft:walk_under_water_one_cm":18454,"minecraft:boat_one_cm":50073,"minecraft:jump":3430,"minecraft:walk_on_water_one_cm":46898,"minecraft:total_world_time":195448,"minecraft:fall_one_cm":105844},"minecraft:killed_by":{"minecraft:skeleton":1,"minecraft:creeper":1,"minecraft:zombie":2},"minecraft:mined":{"minecraft:white_bed":2,"minecraft:glow_lichen":2,"minecraft:crafting_table":2,"minecraft:short_grass":36,"minecraft:acacia_log":1,"minecraft:melon":25,"minecraft:grass_block":5,"minecraft:copper_ore":2,"minecraft:glass":5,"minecraft:tall_grass":5,"minecraft:cobblestone":3,"minecraft:oak_planks":15,"minecraft:lapis_ore":3,"minecraft:sugar_cane":17,"minecraft:diorite":10,"minecraft:hay_block":24,"minecraft:iron_ore":23,"minecraft:wheat":1,"minecraft:pumpkin":4,"minecraft:bell":7,"minecraft:coal_ore":84,"minecraft:oak_log":62,"minecraft:oak_stairs":3,"minecraft:sand":316,"minecraft:dirt":4,"minecraft:stone":172,"minecraft:oak_leaves":22,"minecraft:fern":2}},"DataVersion":3953}