{"stats":{"minecraft:used":{"minecraft:stone_sword":138,"minecraft:flint_and_steel":2,"minecraft:stone_shovel":254,"minecraft:ladder":7,"minecraft:poppy":1,"minecraft:chest":2,"minecraft:shield":114,"minecraft:iron_sword":237,"minecraft:bell":10,"minecraft:netherrack":41,"minecraft:torch":12,"minecraft:dirt":148,"minecraft:mutton":20,"minecraft:hopper":3,"minecraft:nether_bricks":30,"minecraft:carrot":19,"minecraft:nether_brick_slab":12,"minecraft:granite":21,"minecraft:glass":235,"minecraft:iron_axe":190,"minecraft:oak_stairs":19,"minecraft:golden_sword":32,"minecraft:bow":1,"minecraft:hay_block":3,"minecraft:oak_sapling":2,"minecraft:furnace":1,"minecraft:egg":7,"minecraft:potato":6,"minecraft:cobbled_deepslate":33,"minecraft:light_gray_bed":2,"minecraft:oak_chest_boat":1,"minecraft:acacia_boat":2,"minecraft:diorite":28,"minecraft:lead":1,"minecraft:stone_pickaxe":639,"minecraft:oak_planks":400,"minecraft:blackstone":42,"minecraft:cobblestone_slab":5,"minecraft:sugar_cane":18,"minecraft:warped_roots":2,"minecraft:sand":8,"minecraft:tnt":1,"minecraft:crafting_table":7,"minecraft:white_bed":11,"minecraft:dripstone_block":1,"minecraft:oak_log":29,"minecraft:diamond_pickaxe":5,"minecraft:apple":12,"minecraft:warped_trapdoor":9,"minecraft:chicken":2,"minecraft:melon_slice":129,"minecraft:bread":67,"minecraft:iron_pickaxe":713,"minecraft:gravel":2,"minecraft:cobblestone":63,"minecraft:cooked_porkchop":2,"minecraft:porkchop":7,"minecraft:andesite":1,"minecraft:oak_boat":2,"minecraft:bone_meal":9},"minecraft:mined":{"minecraft:nether_gold_ore":3,"minecraft:tuff":27,"minecraft:white_bed":10,"minecraft:deepslate_diamond_ore":1,"minecraft:obsidian":4,"minecraft:glow_lichen":2,"minecraft:granite":34,"minecraft:acacia_log":10,"minecraft:grass_block":24,"minecraft:light_gray_bed":2,"minecraft:acacia_slab":1,"minecraft:hay_block":24,"minecraft:redstone_ore":14,"minecraft:cobbled_deepslate":2,"minecraft:iron_ore":38,"minecraft:fire":10,"minecraft:andesite":2,"minecraft:pumpkin":4,"minecraft:deepslate_lapis_ore":1,"minecraft:bell":11,"minecraft:deepslate_iron_ore":25,"minecraft:oak_stairs":4,"minecraft:warped_stem":12,"minecraft:warped_trapdoor":3,"minecraft:stone":621,"minecraft:deepslate_redstone_ore":12,"minecraft:acacia_leaves":5,"minecraft:blackstone":45,"minecraft:basalt":7,"minecraft:crafting_table":2,"minecraft:torch":1,"minecraft:short_grass":80,"minecraft:melon":25,"minecraft:warped_roots":2,"minecraft:nether_brick_slab":5,"minecraft:nether_quartz_ore":46,"minecraft:copper_ore":8,"minecraft:tall_grass":11,"minecraft:glass":7,"minecraft:cobblestone":11,"minecraft:lapis_ore":11,"minecraft:oak_planks":22,"minecraft:sugar_cane":17,"minecraft:diorite":26,"minecraft:wall_torch":1,"minecraft:warped_wart_block":2,"minecraft:warped_nylium":2,"minecraft:birch_log":2,"minecraft:wheat":1,"minecraft:oak_log":149,"minecraft:coal_ore":94,"minecraft:dripstone_block":1,"minecraft:gravel":4,"minecraft:sand":316,"minecraft:dirt":48,"minecraft:netherrack":182,"minecraft:oak_leaves":31,"minecraft:deepslate":99,"minecraft:fern":2},"minecraft:custom":{"minecraft:mob_kills":118,"minecraft:interact_with_crafting_table":65,"minecraft:bell_ring":2219,"minecraft:leave_game":15,"minecraft:time_since_death":5811,"minecraft:climb_one_cm":14452,"minecraft:sprint_one_cm":1802730,"minecraft:damage_blocked_by_shield":3347,"minecraft:walk_one_cm":616875,"minecraft:drop":107,"minecraft:talked_to_villager":36,"minecraft:play_time":944916,"minecraft:sneak_time":38040,"minecraft:deaths":30,"minecraft:walk_under_water_one_cm":58366,"minecraft:boat_one_cm":440973,"minecraft:jump":11835,"minecraft:walk_on_water_one_cm":100931,"minecraft:total_world_time":944916,"minecraft:interact_with_furnace":57,"minecraft:tune_noteblock":1,"minecraft:sleep_in_bed":45,"minecraft:time_since_rest":5305,"minecraft:damage_taken":12121,"minecraft:damage_dealt":18243,"minecraft:swim_one_cm":316327,"minecraft:fly_one_cm":2055083,"minecraft:open_chest":129,"minecraft:crouch_one_cm":77464,"minecraft:fall_one_cm":370635,"minecraft:horse_one_cm":824820},"minecraft:picked_up":{"minecraft:fishing_rod":1,"minecraft:crafting_table":3,"minecraft:ominous_bottle":2,"minecraft:chicken":2,"minecraft:lead":23,"minecraft:oak_stairs":4,"minecraft:enchanted_book":2,"minecraft:shield":2,"minecraft:golden_sword":1,"minecraft:string":18,"minecraft:raw_copper":27,"minecraft:iron_axe":2,"minecraft:flint_and_steel":2,"minecraft:compass":2,"minecraft:blackstone":42,"minecraft:gold_nugget":16,"minecraft:cobbled_deepslate":66,"minecraft:observer":1,"minecraft:cobblestone_slab":1,"minecraft:iron_nugget":26,"minecraft:poppy":1,"minecraft:iron_pickaxe":6,"minecraft:melon_slice":329,"minecraft:sugar_cane":30,"minecraft:iron_boots":2,"minecraft:egg":7,"minecraft:stick":8,"minecraft:raw_iron":65,"minecraft:acacia_fence":2,"minecraft:torch":2,"minecraft:acacia_log":39,"minecraft:porkchop":11,"minecraft:diorite":63,"minecraft:carrot":7,"minecraft:redstone":115,"minecraft:light_gray_bed":2,"minecraft:arrow":16,"minecraft:rotten_flesh":41,"minecraft:golden_hoe":1,"minecraft:hay_block":56,"minecraft:armadillo_scute":10,"minecraft:saddle":3,"minecraft:oak_chest_boat":1,"minecraft:obsidian":2,"minecraft:mutton":20,"minecraft:white_wool":11,"minecraft:cobblestone":827,"minecraft:birch_log":2,"minecraft:feather":1,"minecraft:basalt":3,"minecraft:andesite":2,"minecraft:leather":1,"minecraft:flint":1,"minecraft:oak_log":164,"minecraft:warped_trapdoor":2,"minecraft:golden_boots":2,"minecraft:gunpowder":4,"minecraft:acacia_boat":1,"minecraft:paper":10,"minecraft:lapis_lazuli":69,"minecraft:dirt":259,"minecraft:white_banner":2,"minecraft:name_tag":1,"minecraft:glass":33,"minecraft:bone":17,"minecraft:acacia_planks":7,"minecraft:apple":5,"minecraft:bow":2,"minecraft:wheat_seeds":45,"minecraft:stone_pickaxe":2,"minecraft:warped_stem":12,"minecraft:bell":11,"minecraft:iron_ingot":17,"minecraft:oak_planks":85,"minecraft:pumpkin":6,"minecraft:dandelion":1,"minecraft:warped_wart_block":1,"minecraft:quartz":93,"minecraft:dripstone_block":1,"minecraft:gravel":3,"minecraft:sand":327,"minecraft:white_bed":11,"minecraft:nether_brick_slab":4,"minecraft:spider_eye":1,"minecraft:diamond":3,"minecraft:granite":34,"minecraft:bread":92,"minecraft:warped_roots":3,"minecraft:oak_leaves":9,"minecraft:acacia_slab":1,"minecraft:oak_sapling":12,"minecraft:netherrack":176,"minecraft:coal":97,"minecraft:diamond_pickaxe":1},"minecraft:dropped":{"minecraft:golden_boots":2,"minecraft:iron_ingot":89,"minecraft:daylight_detector":9,"minecraft:wheat_seeds":23,"minecraft:diamond":1,"minecraft:oak_fence":20,"minecraft:cobblestone":149,"minecraft:warped_roots":1,"minecraft:leather":1,"minecraft:flint":1,"minecraft:stone_button":1,"minecraft:diorite":35,"minecraft:repeater":4,"minecraft:sand":2,"minecraft:gold_nugget":9,"minecraft:armadillo_scute":4,"minecraft:pumpkin":4,"minecraft:iron_axe":1,"minecraft:iron_pickaxe":3,"minecraft:fishing_rod":1,"minecraft:bucket":4,"minecraft:paper":7,"minecraft:string":3,"minecraft:white_wool":7,"minecraft:acacia_planks":20,"minecraft:bone":3,"minecraft:dandelion":1,"minecraft:redstone":31,"minecraft:gravel":1,"minecraft:note_block":3,"minecraft:lever":1,"minecraft:iron_nugget":26,"minecraft:cobbled_deepslate":39,"minecraft:raw_copper":27,"minecraft:obsidian":1,"minecraft:raw_iron":2,"minecraft:rotten_flesh":25,"minecraft:name_tag":1,"minecraft:warped_planks":1,"minecraft:cobblestone_slab":14,"minecraft:hay_block":21,"minecraft:andesite":1,"minecraft:ladder":5,"minecraft:spider_eye":1,"minecraft:basalt":3,"minecraft:stone_pickaxe":3,"minecraft:arrow":5,"minecraft:glass":40,"minecraft:bell":1,"minecraft:warped_wart_block":1,"minecraft:acacia_fence":50,"minecraft:netherrack":1},"minecraft:killed_by":{"minecraft:player":3,"minecraft:creeper":2,"minecraft:spider":1,"minecraft:enderman":1,"minecraft:skeleton":6,"minecraft:zombie":5},"minecraft:broken":{"minecraft:stone_sword":1,"minecraft:iron_boots":1,"minecraft:iron_chestplate":1,"minecraft:iron_leggings":1,"minecraft:stone_pickaxe":4,"minecraft:golden_sword":1,"minecraft:iron_pickaxe":2,"minecraft:iron_helmet":1,"minecraft:stone_shovel":1},"minecraft:killed":{"minecraft:zombified_piglin":28,"minecraft:spider":9,"minecraft:skeleton":13,"minecraft:chicken":2,"minecraft:drowned":1,"minecraft:piglin":4,"minecraft:pig":5,"minecraft:zombie_villager":1,"minecraft:iron_golem":1,"minecraft:creeper":2,"minecraft:sheep":10,"minecraft:pillager":5,"minecraft:zombie":25,"minecraft:villager":3,"minecraft:enderman":1},"minecraft:crafted":{"minecraft:oak_planks":540,"minecraft:nether_brick_slab":6,"minecraft:stone_shovel":4,"minecraft:furnace":1,"minecraft:bone_meal":9,"minecraft:nether_brick":132,"minecraft:warped_trapdoor":8,"minecraft:warped_planks":48,"minecraft:glass":213,"minecraft:hopper":3,"minecraft:iron_boots":1,"minecraft:iron_axe":1,"minecraft:ladder":9,"minecraft:stone_pickaxe":7,"minecraft:chest":7,"minecraft:acacia_fence":48,"minecraft:oak_fence":39,"minecraft:observer":9,"minecraft:daylight_detector":9,"minecraft:cooked_porkchop":2,"minecraft:crafting_table":5,"minecraft:acacia_slab":36,"minecraft:iron_helmet":2,"minecraft:iron_sword":1,"minecraft:nether_bricks":33,"minecraft:bucket":4,"minecraft:birch_planks":8,"minecraft:acacia_boat":2,"minecraft:air":0,"minecraft:tnt":1,"minecraft:oak_boat":2,"minecraft:iron_chestplate":2,"minecraft:shield":1,"minecraft:stick":128,"minecraft:iron_ingot":62,"minecraft:iron_pickaxe":1,"minecraft:oak_stairs":24,"minecraft:stone_sword":1,"minecraft:iron_leggings":2,"minecraft:white_bed":1,"minecraft:acacia_planks":156,"minecraft:torch":12}},"DataVersion":3953}