{"stats":{"minecraft:used":{"minecraft:stone_sword":134,"minecraft:flint_and_steel":2,"minecraft:stone_shovel":254,"minecraft:ladder":7,"minecraft:poppy":1,"minecraft:chest":2,"minecraft:shield":43,"minecraft:bell":5,"minecraft:netherrack":27,"minecraft:torch":12,"minecraft:dirt":59,"minecraft:mutton":16,"minecraft:nether_bricks":30,"minecraft:carrot":4,"minecraft:nether_brick_slab":6,"minecraft:granite":17,"minecraft:glass":235,"minecraft:iron_axe":176,"minecraft:oak_stairs":19,"minecraft:golden_sword":32,"minecraft:bow":1,"minecraft:hay_block":3,"minecraft:oak_sapling":2,"minecraft:furnace":1,"minecraft:egg":2,"minecraft:oak_chest_boat":1,"minecraft:acacia_boat":1,"minecraft:diorite":11,"minecraft:stone_pickaxe":599,"minecraft:oak_planks":400,"minecraft:blackstone":11,"minecraft:sugar_cane":18,"minecraft:sand":5,"minecraft:crafting_table":6,"minecraft:white_bed":3,"minecraft:dripstone_block":1,"minecraft:oak_log":29,"minecraft:apple":8,"minecraft:warped_trapdoor":6,"minecraft:bread":33,"minecraft:melon_slice":122,"minecraft:iron_pickaxe":494,"minecraft:cobblestone":40,"minecraft:porkchop":7,"minecraft:andesite":1,"minecraft:oak_boat":2,"minecraft:bone_meal":9},"minecraft:mined":{"minecraft:nether_gold_ore":3,"minecraft:white_bed":2,"minecraft:glow_lichen":2,"minecraft:granite":17,"minecraft:acacia_log":2,"minecraft:grass_block":9,"minecraft:hay_block":24,"minecraft:redstone_ore":12,"minecraft:iron_ore":38,"minecraft:fire":4,"minecraft:andesite":1,"minecraft:pumpkin":4,"minecraft:deepslate_lapis_ore":1,"minecraft:bell":7,"minecraft:deepslate_iron_ore":23,"minecraft:oak_stairs":4,"minecraft:warped_stem":12,"minecraft:warped_trapdoor":3,"minecraft:stone":605,"minecraft:deepslate_redstone_ore":2,"minecraft:blackstone":42,"minecraft:basalt":1,"minecraft:torch":1,"minecraft:crafting_table":2,"minecraft:short_grass":46,"minecraft:melon":25,"minecraft:nether_quartz_ore":8,"minecraft:glass":7,"minecraft:tall_grass":6,"minecraft:copper_ore":8,"minecraft:cobblestone":3,"minecraft:lapis_ore":11,"minecraft:sugar_cane":17,"minecraft:oak_planks":22,"minecraft:diorite":25,"minecraft:wall_torch":1,"minecraft:warped_wart_block":1,"minecraft:warped_nylium":2,"minecraft:birch_log":2,"minecraft:wheat":1,"minecraft:oak_log":147,"minecraft:coal_ore":94,"minecraft:dripstone_block":1,"minecraft:gravel":1,"minecraft:sand":316,"minecraft:dirt":27,"minecraft:netherrack":168,"minecraft:oak_leaves":31,"minecraft:deepslate":2,"minecraft:fern":2},"minecraft:custom":{"minecraft:mob_kills":47,"minecraft:interact_with_crafting_table":42,"minecraft:bell_ring":360,"minecraft:leave_game":14,"minecraft:time_since_death":116416,"minecraft:climb_one_cm":2660,"minecraft:sprint_one_cm":1204927,"minecraft:walk_one_cm":378191,"minecraft:damage_blocked_by_shield":1455,"minecraft:drop":41,"minecraft:talked_to_villager":8,"minecraft:play_time":500247,"minecraft:deaths":10,"minecraft:sneak_time":22195,"minecraft:walk_under_water_one_cm":35647,"minecraft:boat_one_cm":291972,"minecraft:jump":6541,"minecraft:walk_on_water_one_cm":69101,"minecraft:total_world_time":500247,"minecraft:interact_with_furnace":55,"minecraft:sleep_in_bed":29,"minecraft:time_since_rest":21712,"minecraft:damage_taken":5063,"minecraft:damage_dealt":7434,"minecraft:swim_one_cm":210280,"minecraft:fly_one_cm":1168248,"minecraft:open_chest":43,"minecraft:crouch_one_cm":57901,"minecraft:fall_one_cm":187555,"minecraft:horse_one_cm":99476},"minecraft:picked_up":{"minecraft:crafting_table":3,"minecraft:ominous_bottle":2,"minecraft:chicken":1,"minecraft:lead":1,"minecraft:oak_stairs":4,"minecraft:golden_sword":1,"minecraft:string":8,"minecraft:raw_copper":27,"minecraft:iron_axe":2,"minecraft:flint_and_steel":2,"minecraft:compass":2,"minecraft:blackstone":39,"minecraft:gold_nugget":9,"minecraft:cobbled_deepslate":1,"minecraft:iron_nugget":26,"minecraft:poppy":1,"minecraft:iron_pickaxe":6,"minecraft:melon_slice":329,"minecraft:sugar_cane":30,"minecraft:iron_boots":2,"minecraft:egg":4,"minecraft:stick":8,"minecraft:raw_iron":61,"minecraft:acacia_fence":2,"minecraft:torch":2,"minecraft:acacia_log":31,"minecraft:porkchop":9,"minecraft:diorite":61,"minecraft:carrot":4,"minecraft:redstone":62,"minecraft:arrow":7,"minecraft:rotten_flesh":14,"minecraft:hay_block":56,"minecraft:armadillo_scute":7,"minecraft:saddle":2,"minecraft:oak_chest_boat":1,"minecraft:mutton":16,"minecraft:white_wool":10,"minecraft:cobblestone":598,"minecraft:birch_log":2,"minecraft:basalt":1,"minecraft:andesite":1,"minecraft:warped_trapdoor":2,"minecraft:oak_log":162,"minecraft:lapis_lazuli":69,"minecraft:dirt":74,"minecraft:paper":10,"minecraft:white_banner":2,"minecraft:bone":11,"minecraft:apple":5,"minecraft:bow":1,"minecraft:wheat_seeds":35,"minecraft:warped_stem":12,"minecraft:bell":7,"minecraft:iron_ingot":8,"minecraft:oak_planks":85,"minecraft:pumpkin":6,"minecraft:quartz":8,"minecraft:warped_wart_block":1,"minecraft:dripstone_block":1,"minecraft:gravel":1,"minecraft:sand":316,"minecraft:white_bed":3,"minecraft:spider_eye":1,"minecraft:diamond":2,"minecraft:granite":17,"minecraft:warped_roots":1,"minecraft:bread":88,"minecraft:oak_sapling":12,"minecraft:netherrack":169,"minecraft:coal":97},"minecraft:dropped":{"minecraft:iron_ingot":2,"minecraft:wheat_seeds":13,"minecraft:oak_fence":20,"minecraft:warped_roots":1,"minecraft:diorite":35,"minecraft:gold_nugget":9,"minecraft:armadillo_scute":4,"minecraft:pumpkin":4,"minecraft:iron_axe":1,"minecraft:iron_pickaxe":2,"minecraft:string":3,"minecraft:white_wool":7,"minecraft:acacia_planks":4,"minecraft:gravel":1,"minecraft:iron_nugget":26,"minecraft:cobbled_deepslate":1,"minecraft:raw_copper":5,"minecraft:rotten_flesh":14,"minecraft:hay_block":21,"minecraft:spider_eye":1,"minecraft:arrow":1,"minecraft:glass":3,"minecraft:bell":1,"minecraft:warped_wart_block":1,"minecraft:acacia_fence":50},"minecraft:killed_by":{"minecraft:player":1,"minecraft:creeper":2,"minecraft:skeleton":3,"minecraft:zombie":3},"minecraft:broken":{"minecraft:stone_pickaxe":4,"minecraft:golden_sword":1,"minecraft:iron_pickaxe":2,"minecraft:stone_shovel":1},"minecraft:killed":{"minecraft:spider":7,"minecraft:skeleton":7,"minecraft:chicken":1,"minecraft:drowned":1,"minecraft:piglin":4,"minecraft:pig":4,"minecraft:iron_golem":1,"minecraft:creeper":1,"minecraft:sheep":10,"minecraft:pillager":1,"minecraft:zombie":4},"minecraft:crafted":{"minecraft:oak_planks":532,"minecraft:nether_brick_slab":6,"minecraft:stone_shovel":4,"minecraft:furnace":1,"minecraft:bone_meal":9,"minecraft:nether_brick":132,"minecraft:warped_trapdoor":4,"minecraft:warped_planks":48,"minecraft:glass":213,"minecraft:iron_axe":1,"minecraft:ladder":9,"minecraft:stone_pickaxe":6,"minecraft:chest":3,"minecraft:acacia_fence":48,"minecraft:oak_fence":39,"minecraft:crafting_table":4,"minecraft:iron_helmet":1,"minecraft:nether_bricks":33,"minecraft:birch_planks":8,"minecraft:acacia_boat":1,"minecraft:air":0,"minecraft:oak_boat":2,"minecraft:iron_chestplate":1,"minecraft:shield":1,"minecraft:stick":128,"minecraft:iron_ingot":62,"minecraft:oak_stairs":24,"minecraft:stone_sword":1,"minecraft:iron_leggings":1,"minecraft:white_bed":1,"minecraft:acacia_planks":124,"minecraft:torch":12}},"DataVersion":3953}