{"stats":{"minecraft:broken":{"minecraft:iron_boots":1,"minecraft:iron_chestplate":1,"minecraft:iron_leggings":1,"minecraft:stone_pickaxe":5,"minecraft:golden_sword":1,"minecraft:iron_sword":1,"minecraft:stone_shovel":1,"minecraft:stone_sword":1,"minecraft:shield":1,"minecraft:iron_axe":2,"minecraft:iron_pickaxe":2,"minecraft:iron_helmet":1},"minecraft:killed_by":{"minecraft:wither_skeleton":3,"minecraft:creeper":2,"minecraft:vindicator":4,"minecraft:zombie":7,"minecraft:player":3,"minecraft:spider":1,"minecraft:enderman":2,"minecraft:ender_dragon":1,"minecraft:skeleton":6},"minecraft:crafted":{"minecraft:grindstone":2,"minecraft:oak_planks":2160,"minecraft:smooth_stone":5,"minecraft:chainmail_helmet":12,"minecraft:cooked_chicken":1,"minecraft:stone":6,"minecraft:nether_brick":132,"minecraft:warped_planks":48,"minecraft:glass":213,"minecraft:hopper":6,"minecraft:diamond_helmet":2,"minecraft:diamond_leggings":1,"minecraft:iron_boots":13,"minecraft:chest":13,"minecraft:acacia_fence":63,"minecraft:rail":16,"minecraft:stone_hoe":1,"minecraft:oak_fence":39,"minecraft:emerald":227,"minecraft:cooked_porkchop":2,"minecraft:crafting_table":7,"minecraft:acacia_slab":36,"minecraft:iron_helmet":3,"minecraft:hopper_minecart":1,"minecraft:birch_planks":100,"minecraft:tnt":1,"minecraft:iron_chestplate":3,"minecraft:shield":2,"minecraft:stick":3377,"minecraft:stone_slab":2,"minecraft:iron_ingot":62,"minecraft:iron_pickaxe":1,"minecraft:stone_sword":1,"minecraft:composter":1,"minecraft:nether_brick_slab":6,"minecraft:stone_shovel":4,"minecraft:furnace":2,"minecraft:blast_furnace":1,"minecraft:bone_meal":9,"minecraft:warped_trapdoor":8,"minecraft:iron_axe":27,"minecraft:ladder":9,"minecraft:stone_pickaxe":7,"minecraft:diamond_boots":2,"minecraft:minecart":1,"minecraft:observer":9,"minecraft:daylight_detector":9,"minecraft:iron_sword":2,"minecraft:acacia_trapdoor":2,"minecraft:nether_bricks":33,"minecraft:bucket":5,"minecraft:bread":22,"minecraft:acacia_boat":2,"minecraft:air":0,"minecraft:oak_boat":2,"minecraft:oak_stairs":24,"minecraft:iron_leggings":5,"minecraft:stonecutter":1,"minecraft:white_bed":1,"minecraft:acacia_planks":232,"minecraft:torch":16,"minecraft:diamond_chestplate":2},"minecraft:used":{"minecraft:ladder":7,"minecraft:poppy":1,"minecraft:chest":6,"minecraft:shield":181,"minecraft:iron_sword":430,"minecraft:bell":10,"minecraft:mutton":20,"minecraft:nether_bricks":30,"minecraft:carrot":23,"minecraft:glass":235,"minecraft:hopper_minecart":1,"minecraft:stone_bricks":2,"minecraft:golden_sword":32,"minecraft:bow":1,"minecraft:hay_block":3,"minecraft:ominous_bottle":1,"minecraft:oak_sapling":2,"minecraft:furnace":1,"minecraft:acacia_fence":17,"minecraft:egg":10,"minecraft:potato":6,"minecraft:oak_chest_boat":1,"minecraft:diorite":28,"minecraft:diamond_boots":1,"minecraft:acacia_trapdoor":4,"minecraft:oak_planks":410,"minecraft:stone_pickaxe":756,"minecraft:blackstone":42,"minecraft:composter":1,"minecraft:sugar_cane":21,"minecraft:sand":8,"minecraft:blast_furnace":1,"minecraft:crossbow":1,"minecraft:dripstone_block":1,"minecraft:melon_slice":142,"minecraft:bread":114,"minecraft:gravel":2,"minecraft:grindstone":3,"minecraft:andesite":1,"minecraft:oak_boat":2,"minecraft:bone_meal":9,"minecraft:oak_fence":35,"minecraft:stone_sword":138,"minecraft:flint_and_steel":2,"minecraft:stone_shovel":254,"minecraft:cooked_chicken":1,"minecraft:stone_hoe":118,"minecraft:netherrack":54,"minecraft:torch":15,"minecraft:dirt":183,"minecraft:hopper":6,"minecraft:diamond_helmet":1,"minecraft:nether_brick_slab":12,"minecraft:granite":21,"minecraft:iron_axe":708,"minecraft:oak_stairs":19,"minecraft:acacia_slab":7,"minecraft:bamboo":11,"minecraft:diamond_chestplate":1,"minecraft:beef":5,"minecraft:cobbled_deepslate":33,"minecraft:light_gray_bed":2,"minecraft:wheat_seeds":86,"minecraft:acacia_boat":4,"minecraft:water_bucket":50,"minecraft:lead":1,"minecraft:stonecutter":1,"minecraft:cobblestone_slab":5,"minecraft:warped_roots":2,"minecraft:rail":2,"minecraft:tnt":1,"minecraft:crafting_table":9,"minecraft:white_bed":11,"minecraft:oak_log":32,"minecraft:diamond_pickaxe":6,"minecraft:apple":20,"minecraft:warped_trapdoor":9,"minecraft:chicken":3,"minecraft:iron_pickaxe":888,"minecraft:cobblestone":79,"minecraft:porkchop":7,"minecraft:cooked_porkchop":2,"minecraft:bucket":51,"minecraft:diamond_leggings":1},"minecraft:picked_up":{"minecraft:iron_chestplate":2,"minecraft:wheat":5,"minecraft:chainmail_boots":1,"minecraft:nether_brick_fence":2,"minecraft:lead":28,"minecraft:oak_stairs":4,"minecraft:enchanted_book":2,"minecraft:golden_sword":1,"minecraft:string":18,"minecraft:raw_copper":27,"minecraft:iron_leggings":3,"minecraft:gold_nugget":16,"minecraft:cobbled_deepslate":122,"minecraft:cobblestone_slab":1,"minecraft:iron_pickaxe":7,"minecraft:melon_slice":342,"minecraft:iron_boots":7,"minecraft:stick":1195,"minecraft:acacia_fence":4,"minecraft:oak_fence":13,"minecraft:torch":3,"minecraft:acacia_log":57,"minecraft:porkchop":11,"minecraft:diorite":63,"minecraft:light_gray_bed":2,"minecraft:rotten_flesh":49,"minecraft:armadillo_scute":10,"minecraft:blaze_rod":1,"minecraft:obsidian":2,"minecraft:cobblestone":843,"minecraft:birch_log":25,"minecraft:feather":3,"minecraft:iron_door":1,"minecraft:andesite":2,"minecraft:flint":1,"minecraft:warped_trapdoor":2,"minecraft:acacia_boat":3,"minecraft:lapis_lazuli":69,"minecraft:dirt":290,"minecraft:name_tag":1,"minecraft:bone":23,"minecraft:glass":33,"minecraft:acacia_planks":7,"minecraft:bow":2,"minecraft:wheat_seeds":145,"minecraft:bell":11,"minecraft:grindstone":1,"minecraft:bamboo":11,"minecraft:oak_planks":85,"minecraft:warped_wart_block":1,"minecraft:sand":327,"minecraft:sugar":2,"minecraft:diamond":4,"minecraft:crossbow":1,"minecraft:granite":46,"minecraft:emerald":138,"minecraft:chainmail_helmet":4,"minecraft:bread":93,"minecraft:oak_sapling":32,"minecraft:netherrack":239,"minecraft:oak_leaves":9,"minecraft:diamond_pickaxe":1,"minecraft:fishing_rod":1,"minecraft:crafting_table":3,"minecraft:ominous_bottle":2,"minecraft:chicken":4,"minecraft:shield":2,"minecraft:iron_axe":2,"minecraft:flint_and_steel":2,"minecraft:compass":2,"minecraft:blackstone":42,"minecraft:beef":5,"minecraft:oak_boat":1,"minecraft:observer":1,"minecraft:iron_nugget":26,"minecraft:poppy":1,"minecraft:sugar_cane":65,"minecraft:birch_sapling":4,"minecraft:egg":10,"minecraft:raw_iron":65,"minecraft:end_stone":17,"minecraft:carrot":11,"minecraft:redstone":120,"minecraft:arrow":17,"minecraft:golden_hoe":1,"minecraft:nether_bricks":23,"minecraft:hay_block":56,"minecraft:saddle":4,"minecraft:oak_chest_boat":1,"minecraft:mutton":20,"minecraft:rail":1,"minecraft:white_wool":11,"minecraft:basalt":3,"minecraft:leather":6,"minecraft:acacia_wood":1,"minecraft:birch_planks":28,"minecraft:oak_log":572,"minecraft:golden_boots":2,"minecraft:gunpowder":6,"minecraft:paper":10,"minecraft:white_banner":2,"minecraft:stone_bricks":2,"minecraft:apple":7,"minecraft:warped_stem":12,"minecraft:stone_pickaxe":2,"minecraft:iron_ingot":1210,"minecraft:book":3,"minecraft:pumpkin":6,"minecraft:quartz":94,"minecraft:dandelion":1,"minecraft:dripstone_block":1,"minecraft:gravel":8,"minecraft:white_bed":11,"minecraft:nether_brick_slab":4,"minecraft:spider_eye":1,"minecraft:iron_helmet":1,"minecraft:warped_roots":3,"minecraft:acacia_slab":4,"minecraft:melon_seeds":2,"minecraft:coal":98,"minecraft:hopper":1},"minecraft:mined":{"minecraft:white_bed":10,"minecraft:oak_sapling":7,"minecraft:obsidian":4,"minecraft:granite":47,"minecraft:acacia_log":28,"minecraft:grass_block":33,"minecraft:light_gray_bed":2,"minecraft:hopper":1,"minecraft:iron_ore":38,"minecraft:cobbled_deepslate":2,"minecraft:fire":10,"minecraft:pumpkin":4,"minecraft:deepslate_lapis_ore":1,"minecraft:nether_brick_stairs":1,"minecraft:oak_stairs":4,"minecraft:deepslate_redstone_ore":12,"minecraft:blackstone":45,"minecraft:torch":1,"minecraft:melon":28,"minecraft:nether_brick_slab":5,"minecraft:glass":7,"minecraft:nether_quartz_ore":50,"minecraft:cobblestone":11,"minecraft:sugar_cane":36,"minecraft:grindstone":1,"minecraft:oak_planks":22,"minecraft:wall_torch":1,"minecraft:birch_sapling":2,"minecraft:warped_nylium":2,"minecraft:birch_log":25,"minecraft:wheat":16,"minecraft:oak_log":557,"minecraft:acacia_fence":2,"minecraft:sand":316,"minecraft:dirt":60,"minecraft:netherrack":298,"minecraft:oak_leaves":84,"minecraft:deepslate":180,"minecraft:nether_gold_ore":3,"minecraft:diamond_ore":1,"minecraft:tuff":27,"minecraft:deepslate_diamond_ore":2,"minecraft:end_stone":16,"minecraft:glow_lichen":2,"minecraft:nether_bricks":26,"minecraft:acacia_slab":2,"minecraft:hay_block":24,"minecraft:redstone_ore":14,"minecraft:carrots":4,"minecraft:acacia_trapdoor":2,"minecraft:acacia_wood":1,"minecraft:andesite":2,"minecraft:bell":11,"minecraft:nether_brick_fence":2,"minecraft:bookshelf":2,"minecraft:deepslate_iron_ore":26,"minecraft:rail":1,"minecraft:warped_stem":12,"minecraft:bamboo_sapling":1,"minecraft:warped_trapdoor":3,"minecraft:bamboo":1,"minecraft:stone":638,"minecraft:acacia_leaves":8,"minecraft:infested_stone_bricks":1,"minecraft:basalt":7,"minecraft:oak_fence":13,"minecraft:crafting_table":2,"minecraft:short_grass":767,"minecraft:warped_roots":2,"minecraft:tall_grass":51,"minecraft:copper_ore":8,"minecraft:lapis_ore":11,"minecraft:diorite":26,"minecraft:warped_wart_block":2,"minecraft:birch_leaves":1,"minecraft:coal_ore":94,"minecraft:gravel":4,"minecraft:dripstone_block":1,"minecraft:stone_bricks":3,"minecraft:fern":2},"minecraft:custom":{"minecraft:interact_with_crafting_table":93,"minecraft:bell_ring":2219,"minecraft:leave_game":25,"minecraft:time_since_death":26,"minecraft:sprint_one_cm":2997585,"minecraft:damage_blocked_by_shield":5712,"minecraft:drop":203,"minecraft:talked_to_villager":196,"minecraft:play_time":1309077,"minecraft:deaths":51,"minecraft:jump":18525,"minecraft:walk_on_water_one_cm":206503,"minecraft:interact_with_furnace":71,"minecraft:traded_with_villager":285,"minecraft:sleep_in_bed":64,"minecraft:damage_dealt":26405,"minecraft:crouch_one_cm":83317,"minecraft:horse_one_cm":1310094,"minecraft:mob_kills":156,"minecraft:inspect_hopper":1,"minecraft:climb_one_cm":15789,"minecraft:walk_one_cm":1019360,"minecraft:raid_win":2,"minecraft:sneak_time":42218,"minecraft:walk_under_water_one_cm":139487,"minecraft:boat_one_cm":528450,"minecraft:interact_with_blast_furnace":1,"minecraft:total_world_time":1309077,"minecraft:tune_noteblock":1,"minecraft:raid_trigger":1,"minecraft:interact_with_grindstone":3,"minecraft:interact_with_stonecutter":2,"minecraft:time_since_rest":70,"minecraft:damage_taken":18927,"minecraft:swim_one_cm":584059,"minecraft:fly_one_cm":3438495,"minecraft:open_chest":219,"minecraft:fall_one_cm":565894},"minecraft:dropped":{"minecraft:daylight_detector":9,"minecraft:acacia_boat":1,"minecraft:birch_planks":28,"minecraft:diamond":1,"minecraft:crossbow":1,"minecraft:warped_roots":1,"minecraft:leather":4,"minecraft:saddle":1,"minecraft:emerald":39,"minecraft:flint":1,"minecraft:stone_button":1,"minecraft:gold_nugget":9,"minecraft:sand":2,"minecraft:iron_pickaxe":3,"minecraft:fishing_rod":1,"minecraft:white_wool":7,"minecraft:bone":3,"minecraft:gravel":6,"minecraft:note_block":3,"minecraft:lever":1,"minecraft:iron_nugget":26,"minecraft:cobbled_deepslate":39,"minecraft:wheat":1,"minecraft:obsidian":1,"minecraft:rotten_flesh":25,"minecraft:oak_planks":26,"minecraft:warped_planks":1,"minecraft:acacia_slab":1,"minecraft:chainmail_boots":1,"minecraft:ladder":5,"minecraft:basalt":3,"minecraft:arrow":7,"minecraft:glass":40,"minecraft:warped_wart_block":1,"minecraft:acacia_fence":50,"minecraft:netherrack":1,"minecraft:golden_boots":2,"minecraft:iron_ingot":281,"minecraft:wheat_seeds":33,"minecraft:oak_fence":20,"minecraft:iron_helmet":2,"minecraft:cobblestone":149,"minecraft:chainmail_helmet":15,"minecraft:diorite":35,"minecraft:repeater":4,"minecraft:iron_leggings":6,"minecraft:armadillo_scute":4,"minecraft:pumpkin":4,"minecraft:iron_axe":26,"minecraft:smooth_stone":2,"minecraft:paper":7,"minecraft:string":3,"minecraft:bucket":4,"minecraft:acacia_planks":20,"minecraft:dandelion":1,"minecraft:redstone":31,"minecraft:blaze_rod":1,"minecraft:raw_copper":27,"minecraft:raw_iron":2,"minecraft:iron_boots":16,"minecraft:name_tag":1,"minecraft:cobblestone_slab":15,"minecraft:hay_block":21,"minecraft:iron_chestplate":3,"minecraft:andesite":1,"minecraft:oak_boat":1,"minecraft:spider_eye":1,"minecraft:stone_pickaxe":3,"minecraft:bell":1},"minecraft:killed":{"minecraft:zombified_piglin":28,"minecraft:witch":1,"minecraft:spider":9,"minecraft:skeleton":14,"minecraft:chicken":4,"minecraft:silverfish":3,"minecraft:piglin":6,"minecraft:pig":5,"minecraft:zombie_villager":1,"minecraft:iron_golem":1,"minecraft:creeper":3,"minecraft:sheep":10,"minecraft:trader_llama":1,"minecraft:pillager":10,"minecraft:zombie":28,"minecraft:blaze":3,"minecraft:cow":4,"minecraft:horse":1,"minecraft:drowned":1,"minecraft:ravager":1,"minecraft:wither_skeleton":4,"minecraft:villager":8,"minecraft:enderman":1}},"DataVersion":3953}