{"stats":{"minecraft:used":{"minecraft:stone_sword":138,"minecraft:flint_and_steel":2,"minecraft:stone_shovel":254,"minecraft:ladder":7,"minecraft:poppy":1,"minecraft:chest":2,"minecraft:shield":58,"minecraft:iron_sword":136,"minecraft:bell":10,"minecraft:netherrack":41,"minecraft:torch":12,"minecraft:dirt":93,"minecraft:mutton":16,"minecraft:hopper":3,"minecraft:nether_bricks":30,"minecraft:carrot":4,"minecraft:nether_brick_slab":12,"minecraft:granite":17,"minecraft:glass":235,"minecraft:iron_axe":190,"minecraft:oak_stairs":19,"minecraft:golden_sword":32,"minecraft:bow":1,"minecraft:hay_block":3,"minecraft:oak_sapling":2,"minecraft:furnace":1,"minecraft:egg":6,"minecraft:light_gray_bed":2,"minecraft:oak_chest_boat":1,"minecraft:acacia_boat":1,"minecraft:diorite":26,"minecraft:lead":1,"minecraft:stone_pickaxe":635,"minecraft:oak_planks":400,"minecraft:blackstone":42,"minecraft:sugar_cane":18,"minecraft:warped_roots":2,"minecraft:sand":5,"minecraft:crafting_table":6,"minecraft:white_bed":11,"minecraft:dripstone_block":1,"minecraft:oak_log":29,"minecraft:apple":12,"minecraft:warped_trapdoor":9,"minecraft:melon_slice":126,"minecraft:bread":63,"minecraft:iron_pickaxe":494,"minecraft:cobblestone":45,"minecraft:porkchop":7,"minecraft:andesite":1,"minecraft:oak_boat":2,"minecraft:bone_meal":9},"minecraft:mined":{"minecraft:nether_gold_ore":3,"minecraft:white_bed":10,"minecraft:glow_lichen":2,"minecraft:granite":17,"minecraft:acacia_log":10,"minecraft:grass_block":9,"minecraft:light_gray_bed":2,"minecraft:acacia_slab":1,"minecraft:hay_block":24,"minecraft:redstone_ore":12,"minecraft:iron_ore":38,"minecraft:fire":4,"minecraft:andesite":1,"minecraft:pumpkin":4,"minecraft:deepslate_lapis_ore":1,"minecraft:bell":11,"minecraft:deepslate_iron_ore":23,"minecraft:oak_stairs":4,"minecraft:warped_stem":12,"minecraft:warped_trapdoor":3,"minecraft:stone":605,"minecraft:deepslate_redstone_ore":2,"minecraft:acacia_leaves":5,"minecraft:blackstone":45,"minecraft:basalt":7,"minecraft:crafting_table":2,"minecraft:torch":1,"minecraft:short_grass":63,"minecraft:melon":25,"minecraft:warped_roots":2,"minecraft:nether_brick_slab":5,"minecraft:nether_quartz_ore":12,"minecraft:copper_ore":8,"minecraft:tall_grass":9,"minecraft:glass":7,"minecraft:cobblestone":7,"minecraft:lapis_ore":11,"minecraft:oak_planks":22,"minecraft:sugar_cane":17,"minecraft:diorite":25,"minecraft:wall_torch":1,"minecraft:warped_wart_block":1,"minecraft:warped_nylium":2,"minecraft:birch_log":2,"minecraft:wheat":1,"minecraft:oak_log":147,"minecraft:coal_ore":94,"minecraft:dripstone_block":1,"minecraft:gravel":1,"minecraft:sand":316,"minecraft:dirt":27,"minecraft:netherrack":174,"minecraft:oak_leaves":31,"minecraft:deepslate":2,"minecraft:fern":2},"minecraft:custom":{"minecraft:mob_kills":95,"minecraft:interact_with_crafting_table":53,"minecraft:bell_ring":2219,"minecraft:leave_game":15,"minecraft:time_since_death":57162,"minecraft:climb_one_cm":7952,"minecraft:sprint_one_cm":1477907,"minecraft:damage_blocked_by_shield":1750,"minecraft:walk_one_cm":462420,"minecraft:drop":60,"minecraft:talked_to_villager":36,"minecraft:play_time":650916,"minecraft:sneak_time":33636,"minecraft:deaths":14,"minecraft:walk_under_water_one_cm":42551,"minecraft:boat_one_cm":375416,"minecraft:jump":8663,"minecraft:walk_on_water_one_cm":80350,"minecraft:total_world_time":650916,"minecraft:interact_with_furnace":55,"minecraft:sleep_in_bed":36,"minecraft:time_since_rest":43482,"minecraft:damage_taken":7376,"minecraft:damage_dealt":13815,"minecraft:swim_one_cm":250957,"minecraft:fly_one_cm":1509578,"minecraft:open_chest":73,"minecraft:crouch_one_cm":67625,"minecraft:fall_one_cm":259162,"minecraft:horse_one_cm":414409},"minecraft:picked_up":{"minecraft:crafting_table":3,"minecraft:ominous_bottle":2,"minecraft:chicken":1,"minecraft:lead":9,"minecraft:oak_stairs":4,"minecraft:golden_sword":1,"minecraft:string":9,"minecraft:raw_copper":27,"minecraft:iron_axe":2,"minecraft:flint_and_steel":2,"minecraft:compass":2,"minecraft:blackstone":42,"minecraft:gold_nugget":16,"minecraft:cobbled_deepslate":1,"minecraft:iron_nugget":26,"minecraft:poppy":1,"minecraft:iron_pickaxe":6,"minecraft:melon_slice":329,"minecraft:sugar_cane":30,"minecraft:iron_boots":2,"minecraft:egg":6,"minecraft:stick":8,"minecraft:raw_iron":61,"minecraft:acacia_fence":2,"minecraft:torch":2,"minecraft:acacia_log":39,"minecraft:porkchop":9,"minecraft:diorite":61,"minecraft:carrot":4,"minecraft:redstone":62,"minecraft:light_gray_bed":2,"minecraft:arrow":11,"minecraft:rotten_flesh":28,"minecraft:hay_block":56,"minecraft:armadillo_scute":7,"minecraft:saddle":2,"minecraft:oak_chest_boat":1,"minecraft:mutton":16,"minecraft:white_wool":10,"minecraft:cobblestone":601,"minecraft:birch_log":2,"minecraft:basalt":3,"minecraft:andesite":1,"minecraft:oak_log":162,"minecraft:warped_trapdoor":2,"minecraft:golden_boots":1,"minecraft:acacia_boat":1,"minecraft:paper":10,"minecraft:lapis_lazuli":69,"minecraft:dirt":105,"minecraft:white_banner":2,"minecraft:glass":33,"minecraft:bone":14,"minecraft:acacia_planks":5,"minecraft:apple":5,"minecraft:bow":1,"minecraft:wheat_seeds":37,"minecraft:stone_pickaxe":1,"minecraft:warped_stem":12,"minecraft:bell":11,"minecraft:iron_ingot":16,"minecraft:oak_planks":85,"minecraft:pumpkin":6,"minecraft:warped_wart_block":1,"minecraft:quartz":27,"minecraft:dripstone_block":1,"minecraft:gravel":1,"minecraft:sand":316,"minecraft:white_bed":11,"minecraft:nether_brick_slab":4,"minecraft:spider_eye":1,"minecraft:diamond":2,"minecraft:granite":17,"minecraft:bread":88,"minecraft:warped_roots":3,"minecraft:acacia_slab":1,"minecraft:oak_sapling":12,"minecraft:netherrack":176,"minecraft:coal":97},"minecraft:dropped":{"minecraft:iron_ingot":25,"minecraft:daylight_detector":9,"minecraft:wheat_seeds":14,"minecraft:oak_fence":20,"minecraft:warped_roots":1,"minecraft:diorite":35,"minecraft:gold_nugget":9,"minecraft:armadillo_scute":4,"minecraft:pumpkin":4,"minecraft:iron_axe":1,"minecraft:iron_pickaxe":2,"minecraft:string":3,"minecraft:white_wool":7,"minecraft:acacia_planks":4,"minecraft:gravel":1,"minecraft:iron_nugget":26,"minecraft:cobbled_deepslate":1,"minecraft:raw_copper":5,"minecraft:rotten_flesh":18,"minecraft:hay_block":21,"minecraft:spider_eye":1,"minecraft:stone_pickaxe":2,"minecraft:arrow":2,"minecraft:glass":3,"minecraft:bell":1,"minecraft:warped_wart_block":1,"minecraft:acacia_fence":50,"minecraft:netherrack":1},"minecraft:killed_by":{"minecraft:player":1,"minecraft:creeper":2,"minecraft:spider":1,"minecraft:enderman":1,"minecraft:skeleton":3,"minecraft:zombie":4},"minecraft:broken":{"minecraft:stone_sword":1,"minecraft:iron_boots":1,"minecraft:stone_pickaxe":4,"minecraft:golden_sword":1,"minecraft:iron_pickaxe":2,"minecraft:iron_helmet":1,"minecraft:stone_shovel":1},"minecraft:killed":{"minecraft:zombified_piglin":28,"minecraft:spider":8,"minecraft:skeleton":7,"minecraft:chicken":1,"minecraft:drowned":1,"minecraft:piglin":4,"minecraft:pig":4,"minecraft:zombie_villager":1,"minecraft:iron_golem":1,"minecraft:creeper":1,"minecraft:sheep":10,"minecraft:pillager":1,"minecraft:zombie":16,"minecraft:villager":3,"minecraft:enderman":1},"minecraft:crafted":{"minecraft:oak_planks":532,"minecraft:nether_brick_slab":6,"minecraft:stone_shovel":4,"minecraft:furnace":1,"minecraft:bone_meal":9,"minecraft:nether_brick":132,"minecraft:warped_trapdoor":8,"minecraft:warped_planks":48,"minecraft:glass":213,"minecraft:hopper":3,"minecraft:iron_axe":1,"minecraft:ladder":9,"minecraft:stone_pickaxe":7,"minecraft:chest":6,"minecraft:acacia_fence":48,"minecraft:oak_fence":39,"minecraft:daylight_detector":9,"minecraft:crafting_table":4,"minecraft:acacia_slab":36,"minecraft:iron_helmet":1,"minecraft:iron_sword":1,"minecraft:nether_bricks":33,"minecraft:birch_planks":8,"minecraft:acacia_boat":1,"minecraft:air":0,"minecraft:oak_boat":2,"minecraft:iron_chestplate":1,"minecraft:shield":1,"minecraft:stick":128,"minecraft:iron_ingot":62,"minecraft:oak_stairs":24,"minecraft:stone_sword":1,"minecraft:iron_leggings":1,"minecraft:white_bed":1,"minecraft:acacia_planks":156,"minecraft:torch":12}},"DataVersion":3953}