{"stats":{"minecraft:picked_up":{"minecraft:crafting_table":3,"minecraft:ominous_bottle":2,"minecraft:oak_log":30,"minecraft:golden_sword":1,"minecraft:lapis_lazuli":15,"minecraft:string":1,"minecraft:dirt":7,"minecraft:paper":10,"minecraft:white_banner":2,"minecraft:raw_copper":5,"minecraft:iron_axe":1,"minecraft:flint_and_steel":2,"minecraft:bone":3,"minecraft:compass":2,"minecraft:apple":5,"minecraft:wheat_seeds":34,"minecraft:iron_ingot":8,"minecraft:poppy":1,"minecraft:iron_nugget":26,"minecraft:iron_pickaxe":4,"minecraft:melon_slice":329,"minecraft:sugar_cane":30,"minecraft:oak_planks":74,"minecraft:iron_boots":2,"minecraft:egg":2,"minecraft:stick":6,"minecraft:raw_iron":16,"minecraft:pumpkin":3,"minecraft:acacia_log":1,"minecraft:sand":71,"minecraft:porkchop":9,"minecraft:diorite":10,"minecraft:white_bed":3,"minecraft:arrow":1,"minecraft:rotten_flesh":10,"minecraft:diamond":2,"minecraft:hay_block":56,"minecraft:armadillo_scute":3,"minecraft:saddle":2,"minecraft:bread":24,"minecraft:oak_sapling":10,"minecraft:mutton":5,"minecraft:coal":42,"minecraft:white_wool":3,"minecraft:cobblestone":17},"minecraft:dropped":{"minecraft:iron_ingot":1,"minecraft:iron_nugget":26,"minecraft:raw_copper":5,"minecraft:rotten_flesh":10,"minecraft:hay_block":21,"minecraft:acacia_planks":4},"minecraft:killed":{"minecraft:pig":4,"minecraft:spider":2,"minecraft:iron_golem":1,"minecraft:sheep":3,"minecraft:pillager":1,"minecraft:zombie":1},"minecraft:broken":{"minecraft:golden_sword":1},"minecraft:custom":{"minecraft:interact_with_furnace":11,"minecraft:mob_kills":16,"minecraft:interact_with_crafting_table":9,"minecraft:leave_game":3,"minecraft:time_since_death":14835,"minecraft:sleep_in_bed":6,"minecraft:climb_one_cm":12,"minecraft:time_since_rest":14858,"minecraft:sprint_one_cm":317537,"minecraft:damage_blocked_by_shield":626,"minecraft:damage_taken":1457,"minecraft:walk_one_cm":94080,"minecraft:drop":12,"minecraft:damage_dealt":2850,"minecraft:swim_one_cm":64463,"minecraft:talked_to_villager":5,"minecraft:fly_one_cm":368669,"minecraft:open_chest":6,"minecraft:crouch_one_cm":5833,"minecraft:play_time":108352,"minecraft:deaths":3,"minecraft:sneak_time":2206,"minecraft:walk_under_water_one_cm":9385,"minecraft:boat_one_cm":15112,"minecraft:jump":2050,"minecraft:walk_on_water_one_cm":21626,"minecraft:total_world_time":108352,"minecraft:fall_one_cm":62898},"minecraft:killed_by":{"minecraft:skeleton":1,"minecraft:zombie":2},"minecraft:crafted":{"minecraft:oak_planks":120,"minecraft:crafting_table":2,"minecraft:furnace":1,"minecraft:oak_boat":1,"minecraft:shield":1,"minecraft:iron_axe":1,"minecraft:stick":4,"minecraft:iron_ingot":1,"minecraft:stone_sword":1,"minecraft:white_bed":1,"minecraft:acacia_planks":4},"minecraft:used":{"minecraft:diorite":6,"minecraft:stone_sword":8,"minecraft:oak_planks":53,"minecraft:poppy":1,"minecraft:shield":19,"minecraft:sugar_cane":18,"minecraft:sand":3,"minecraft:dirt":5,"minecraft:mutton":5,"minecraft:crafting_table":4,"minecraft:white_bed":3,"minecraft:apple":5,"minecraft:iron_axe":27,"minecraft:melon_slice":44,"minecraft:iron_pickaxe":91,"minecraft:golden_sword":32,"minecraft:hay_block":3,"minecraft:furnace":1,"minecraft:porkchop":7,"minecraft:oak_boat":1,"minecraft:egg":2},"minecraft:mined":{"minecraft:white_bed":2,"minecraft:crafting_table":2,"minecraft:short_grass":31,"minecraft:acacia_log":1,"minecraft:grass_block":1,"minecraft:melon":25,"minecraft:copper_ore":2,"minecraft:tall_grass":4,"minecraft:lapis_ore":2,"minecraft:oak_planks":10,"minecraft:sugar_cane":17,"minecraft:diorite":7,"minecraft:hay_block":24,"minecraft:iron_ore":16,"minecraft:pumpkin":1,"minecraft:coal_ore":39,"minecraft:oak_log":30,"minecraft:sand":66,"minecraft:stone":13,"minecraft:oak_leaves":14,"minecraft:fern":2}},"DataVersion":3953}