{"stats":{"minecraft:broken":{"minecraft:stone_pickaxe":1,"minecraft:wooden_pickaxe":1},"minecraft:mined":{"minecraft:smithing_table":1,"minecraft:white_bed":5,"minecraft:deepslate_diamond_ore":15,"minecraft:jungle_leaves":3,"minecraft:brewing_stand":1,"minecraft:granite":6,"minecraft:crafting_table":6,"minecraft:torch":10,"minecraft:short_grass":12,"minecraft:grass_block":4,"minecraft:light_gray_bed":1,"minecraft:tall_grass":2,"minecraft:cobblestone":7,"minecraft:moss_block":3,"minecraft:rooted_dirt":21,"minecraft:wall_torch":6,"minecraft:hay_block":55,"minecraft:furnace":2,"minecraft:iron_ore":55,"minecraft:wheat":1,"minecraft:fire":1,"minecraft:andesite":1,"minecraft:azure_bluet":1,"minecraft:oak_log":6,"minecraft:potatoes":1,"minecraft:coal_ore":23,"minecraft:vine":1,"minecraft:sand":1,"minecraft:gravel":1,"minecraft:dirt":12,"minecraft:deepslate":17,"minecraft:stone":119,"minecraft:netherrack":1,"minecraft:oak_leaves":5,"minecraft:tripwire":1},"minecraft:picked_up":{"minecraft:crafting_table":6,"minecraft:cooked_beef":2,"minecraft:andesite":2,"minecraft:jungle_log":1,"minecraft:leather":8,"minecraft:smithing_table":1,"minecraft:oak_log":8,"minecraft:brewing_stand":1,"minecraft:gunpowder":1,"minecraft:dirt":54,"minecraft:string":10,"minecraft:raw_copper":13,"minecraft:bone":10,"minecraft:apple":2,"minecraft:bow":1,"minecraft:cobbled_deepslate":19,"minecraft:iron_ingot":3,"minecraft:beef":10,"minecraft:moss_block":2,"minecraft:oak_planks":1,"minecraft:furnace":2,"minecraft:egg":3,"minecraft:stick":6,"minecraft:raw_iron":55,"minecraft:cooked_porkchop":8,"minecraft:torch":113,"minecraft:sand":1,"minecraft:gravel":1,"minecraft:porkchop":8,"minecraft:white_bed":4,"minecraft:redstone":6,"minecraft:spider_eye":3,"minecraft:tropical_fish":1,"minecraft:diamond":15,"minecraft:arrow":15,"minecraft:rotten_flesh":12,"minecraft:hay_block":55,"minecraft:granite":12,"minecraft:rooted_dirt":21,"minecraft:oak_sapling":3,"minecraft:netherrack":1,"minecraft:mutton":1,"minecraft:coal":53,"minecraft:white_wool":1,"minecraft:cobblestone":126},"minecraft:crafted":{"minecraft:cooked_beef":7,"minecraft:oak_planks":28,"minecraft:crafting_table":1,"minecraft:wooden_pickaxe":1,"minecraft:iron_helmet":1,"minecraft:iron_sword":1,"minecraft:furnace":1,"minecraft:bucket":1,"minecraft:stone_axe":1,"minecraft:bread":12,"minecraft:air":0,"minecraft:iron_boots":1,"minecraft:iron_chestplate":1,"minecraft:stick":16,"minecraft:iron_pickaxe":1,"minecraft:stone_pickaxe":1,"minecraft:stone_sword":1,"minecraft:iron_leggings":1,"minecraft:torch":48,"minecraft:wheat":36},"minecraft:killed_by":{"minecraft:player":1,"minecraft:skeleton":1},"minecraft:dropped":{"minecraft:gravel":1,"minecraft:oak_log":1,"minecraft:stone_sword":1,"minecraft:raw_copper":13,"minecraft:rotten_flesh":5,"minecraft:rooted_dirt":21,"minecraft:granite":6,"minecraft:tropical_fish":1,"minecraft:poppy":64,"minecraft:gunpowder":1,"minecraft:andesite":2,"minecraft:jungle_log":1,"minecraft:oak_sapling":3,"minecraft:spider_eye":3,"minecraft:sand":1,"minecraft:arrow":1,"minecraft:bow":1,"minecraft:bone":17,"minecraft:redstone":6,"minecraft:bucket":1},"minecraft:custom":{"minecraft:interact_with_furnace":5,"minecraft:mob_kills":50,"minecraft:interact_with_crafting_table":9,"minecraft:leave_game":1,"minecraft:time_since_death":40535,"minecraft:sleep_in_bed":3,"minecraft:climb_one_cm":4689,"minecraft:time_since_rest":38679,"minecraft:sprint_one_cm":513085,"minecraft:damage_taken":1986,"minecraft:walk_one_cm":363149,"minecraft:drop":38,"minecraft:damage_dealt":8610,"minecraft:player_kills":2,"minecraft:swim_one_cm":167867,"minecraft:fly_one_cm":602109,"minecraft:open_chest":53,"minecraft:play_time":210501,"minecraft:crouch_one_cm":8819,"minecraft:deaths":2,"minecraft:sneak_time":4581,"minecraft:walk_under_water_one_cm":60935,"minecraft:boat_one_cm":18,"minecraft:jump":3108,"minecraft:walk_on_water_one_cm":37976,"minecraft:total_world_time":210501,"minecraft:fall_one_cm":68408,"minecraft:inspect_dispenser":2},"minecraft:killed":{"minecraft:pig":3,"minecraft:witch":1,"minecraft:zombie_villager":2,"minecraft:spider":8,"minecraft:bat":1,"minecraft:skeleton":9,"minecraft:zombie":19,"minecraft:player":1,"minecraft:cow":6},"minecraft:used":{"minecraft:water_bucket":42,"minecraft:stone_sword":82,"minecraft:stone_pickaxe":133,"minecraft:wooden_pickaxe":52,"minecraft:iron_sword":127,"minecraft:rotten_flesh":3,"minecraft:netherrack":1,"minecraft:torch":152,"minecraft:dirt":32,"minecraft:crafting_table":6,"minecraft:white_bed":3,"minecraft:bread":12,"minecraft:iron_pickaxe":74,"minecraft:stone_axe":4,"minecraft:cobblestone":99,"minecraft:bow":3,"minecraft:hay_block":1,"minecraft:furnace":2,"minecraft:cooked_porkchop":8,"minecraft:bucket":43,"minecraft:egg":3,"minecraft:cooked_beef":9}},"DataVersion":3953}