{"stats":{"minecraft:custom":{"minecraft:interact_with_furnace":5,"minecraft:mob_kills":26,"minecraft:interact_with_crafting_table":8,"minecraft:leave_game":1,"minecraft:time_since_death":121568,"minecraft:sleep_in_bed":2,"minecraft:climb_one_cm":4238,"minecraft:time_since_rest":76325,"minecraft:sprint_one_cm":304010,"minecraft:damage_taken":848,"minecraft:walk_one_cm":257004,"minecraft:drop":24,"minecraft:damage_dealt":3901,"minecraft:swim_one_cm":98986,"minecraft:fly_one_cm":418781,"minecraft:open_chest":40,"minecraft:crouch_one_cm":6696,"minecraft:play_time":138132,"minecraft:deaths":1,"minecraft:sneak_time":2195,"minecraft:walk_under_water_one_cm":26976,"minecraft:boat_one_cm":18,"minecraft:jump":2256,"minecraft:walk_on_water_one_cm":22602,"minecraft:total_world_time":138132,"minecraft:fall_one_cm":48032,"minecraft:inspect_dispenser":2},"minecraft:picked_up":{"minecraft:crafting_table":5,"minecraft:cooked_beef":2,"minecraft:jungle_log":1,"minecraft:leather":8,"minecraft:smithing_table":1,"minecraft:oak_log":8,"minecraft:brewing_stand":1,"minecraft:gunpowder":1,"minecraft:string":10,"minecraft:dirt":42,"minecraft:raw_copper":13,"minecraft:bone":6,"minecraft:apple":2,"minecraft:bow":1,"minecraft:iron_ingot":1,"minecraft:beef":10,"minecraft:egg":2,"minecraft:furnace":2,"minecraft:raw_iron":55,"minecraft:stick":3,"minecraft:cooked_porkchop":8,"minecraft:torch":8,"minecraft:gravel":1,"minecraft:porkchop":8,"minecraft:white_bed":1,"minecraft:spider_eye":1,"minecraft:arrow":9,"minecraft:rotten_flesh":5,"minecraft:hay_block":55,"minecraft:netherrack":1,"minecraft:oak_sapling":1,"minecraft:coal":53,"minecraft:mutton":1,"minecraft:white_wool":1,"minecraft:cobblestone":106},"minecraft:used":{"minecraft:water_bucket":17,"minecraft:stone_sword":82,"minecraft:stone_pickaxe":133,"minecraft:wooden_pickaxe":52,"minecraft:iron_sword":15,"minecraft:rotten_flesh":3,"minecraft:netherrack":1,"minecraft:torch":27,"minecraft:dirt":23,"minecraft:crafting_table":5,"minecraft:white_bed":1,"minecraft:iron_pickaxe":13,"minecraft:stone_axe":4,"minecraft:cobblestone":7,"minecraft:bow":3,"minecraft:hay_block":1,"minecraft:furnace":2,"minecraft:cooked_porkchop":3,"minecraft:bucket":18,"minecraft:egg":2,"minecraft:cooked_beef":9},"minecraft:dropped":{"minecraft:gravel":1,"minecraft:oak_log":1,"minecraft:stone_sword":1,"minecraft:raw_copper":13,"minecraft:rotten_flesh":1,"minecraft:poppy":64,"minecraft:gunpowder":1,"minecraft:jungle_log":1,"minecraft:oak_sapling":1,"minecraft:spider_eye":1,"minecraft:arrow":1,"minecraft:bow":1},"minecraft:killed_by":{"minecraft:skeleton":1},"minecraft:killed":{"minecraft:pig":3,"minecraft:zombie_villager":1,"minecraft:spider":6,"minecraft:skeleton":4,"minecraft:zombie":5,"minecraft:cow":6},"minecraft:crafted":{"minecraft:cooked_beef":7,"minecraft:oak_planks":28,"minecraft:crafting_table":1,"minecraft:iron_helmet":1,"minecraft:wooden_pickaxe":1,"minecraft:iron_sword":1,"minecraft:furnace":1,"minecraft:bucket":1,"minecraft:stone_axe":1,"minecraft:air":0,"minecraft:iron_boots":1,"minecraft:iron_chestplate":1,"minecraft:stick":16,"minecraft:iron_pickaxe":1,"minecraft:stone_pickaxe":1,"minecraft:stone_sword":1,"minecraft:iron_leggings":1,"minecraft:torch":24},"minecraft:mined":{"minecraft:smithing_table":1,"minecraft:white_bed":1,"minecraft:jungle_leaves":3,"minecraft:brewing_stand":1,"minecraft:crafting_table":5,"minecraft:torch":3,"minecraft:short_grass":7,"minecraft:grass_block":3,"minecraft:tall_grass":1,"minecraft:cobblestone":4,"minecraft:wall_torch":3,"minecraft:hay_block":55,"minecraft:furnace":2,"minecraft:wheat":1,"minecraft:iron_ore":55,"minecraft:fire":1,"minecraft:azure_bluet":1,"minecraft:potatoes":1,"minecraft:oak_log":6,"minecraft:coal_ore":23,"minecraft:vine":1,"minecraft:gravel":1,"minecraft:dirt":1,"minecraft:stone":102,"minecraft:netherrack":1,"minecraft:tripwire":1,"minecraft:oak_leaves":5},"minecraft:broken":{"minecraft:stone_pickaxe":1,"minecraft:wooden_pickaxe":1}},"DataVersion":3953}