{"stats":{"minecraft:custom":{"minecraft:interact_with_furnace":5,"minecraft:mob_kills":21,"minecraft:interact_with_crafting_table":8,"minecraft:leave_game":1,"minecraft:time_since_death":97568,"minecraft:sleep_in_bed":2,"minecraft:climb_one_cm":4238,"minecraft:time_since_rest":52325,"minecraft:sprint_one_cm":258724,"minecraft:damage_taken":654,"minecraft:walk_one_cm":221335,"minecraft:drop":22,"minecraft:damage_dealt":3171,"minecraft:swim_one_cm":98391,"minecraft:fly_one_cm":345500,"minecraft:open_chest":40,"minecraft:crouch_one_cm":5734,"minecraft:play_time":114132,"minecraft:deaths":1,"minecraft:sneak_time":1812,"minecraft:walk_under_water_one_cm":19905,"minecraft:boat_one_cm":18,"minecraft:jump":1921,"minecraft:walk_on_water_one_cm":19025,"minecraft:total_world_time":114132,"minecraft:fall_one_cm":39415,"minecraft:inspect_dispenser":2},"minecraft:picked_up":{"minecraft:crafting_table":5,"minecraft:cooked_beef":2,"minecraft:jungle_log":1,"minecraft:leather":8,"minecraft:smithing_table":1,"minecraft:oak_log":8,"minecraft:brewing_stand":1,"minecraft:gunpowder":1,"minecraft:string":8,"minecraft:dirt":42,"minecraft:raw_copper":13,"minecraft:bone":4,"minecraft:apple":2,"minecraft:bow":1,"minecraft:iron_ingot":1,"minecraft:beef":10,"minecraft:egg":1,"minecraft:furnace":2,"minecraft:raw_iron":26,"minecraft:stick":3,"minecraft:cooked_porkchop":8,"minecraft:torch":8,"minecraft:gravel":1,"minecraft:porkchop":8,"minecraft:white_bed":1,"minecraft:spider_eye":1,"minecraft:arrow":5,"minecraft:rotten_flesh":3,"minecraft:hay_block":55,"minecraft:netherrack":1,"minecraft:oak_sapling":1,"minecraft:coal":53,"minecraft:mutton":1,"minecraft:white_wool":1,"minecraft:cobblestone":93},"minecraft:used":{"minecraft:water_bucket":15,"minecraft:stone_sword":82,"minecraft:stone_pickaxe":103,"minecraft:wooden_pickaxe":52,"minecraft:rotten_flesh":2,"minecraft:netherrack":1,"minecraft:torch":24,"minecraft:dirt":19,"minecraft:crafting_table":5,"minecraft:white_bed":1,"minecraft:stone_axe":4,"minecraft:cobblestone":7,"minecraft:hay_block":1,"minecraft:furnace":2,"minecraft:bucket":16,"minecraft:egg":1,"minecraft:cooked_beef":9},"minecraft:dropped":{"minecraft:gravel":1,"minecraft:oak_log":1,"minecraft:raw_copper":13,"minecraft:poppy":64,"minecraft:gunpowder":1,"minecraft:jungle_log":1,"minecraft:oak_sapling":1,"minecraft:spider_eye":1,"minecraft:arrow":1,"minecraft:bow":1},"minecraft:killed_by":{"minecraft:skeleton":1},"minecraft:killed":{"minecraft:pig":3,"minecraft:spider":4,"minecraft:skeleton":2,"minecraft:zombie":5,"minecraft:cow":6},"minecraft:crafted":{"minecraft:cooked_beef":7,"minecraft:oak_planks":28,"minecraft:crafting_table":1,"minecraft:iron_helmet":1,"minecraft:wooden_pickaxe":1,"minecraft:iron_sword":1,"minecraft:furnace":1,"minecraft:bucket":1,"minecraft:stone_axe":1,"minecraft:air":0,"minecraft:iron_boots":1,"minecraft:iron_chestplate":1,"minecraft:stick":16,"minecraft:iron_pickaxe":1,"minecraft:stone_pickaxe":1,"minecraft:stone_sword":1,"minecraft:iron_leggings":1,"minecraft:torch":24},"minecraft:broken":{"minecraft:wooden_pickaxe":1},"minecraft:mined":{"minecraft:smithing_table":1,"minecraft:white_bed":1,"minecraft:jungle_leaves":3,"minecraft:brewing_stand":1,"minecraft:crafting_table":5,"minecraft:torch":3,"minecraft:short_grass":7,"minecraft:grass_block":3,"minecraft:cobblestone":4,"minecraft:wall_torch":3,"minecraft:hay_block":55,"minecraft:furnace":2,"minecraft:wheat":1,"minecraft:iron_ore":26,"minecraft:fire":1,"minecraft:azure_bluet":1,"minecraft:potatoes":1,"minecraft:oak_log":6,"minecraft:coal_ore":23,"minecraft:vine":1,"minecraft:gravel":1,"minecraft:dirt":1,"minecraft:stone":89,"minecraft:netherrack":1,"minecraft:tripwire":1,"minecraft:oak_leaves":5}},"DataVersion":3953}