{"stats":{"minecraft:custom":{"minecraft:time_since_rest":19594,"minecraft:interact_with_furnace":4,"minecraft:sprint_one_cm":72735,"minecraft:damage_taken":421,"minecraft:walk_one_cm":105622,"minecraft:mob_kills":19,"minecraft:drop":17,"minecraft:damage_dealt":2626,"minecraft:swim_one_cm":3233,"minecraft:interact_with_crafting_table":4,"minecraft:fly_one_cm":67158,"minecraft:play_time":36132,"minecraft:crouch_one_cm":950,"minecraft:deaths":1,"minecraft:sneak_time":315,"minecraft:walk_under_water_one_cm":1617,"minecraft:jump":648,"minecraft:leave_game":1,"minecraft:time_since_death":19568,"minecraft:walk_on_water_one_cm":1693,"minecraft:climb_one_cm":817,"minecraft:total_world_time":36132,"minecraft:fall_one_cm":12421},"minecraft:picked_up":{"minecraft:stick":1,"minecraft:crafting_table":3,"minecraft:cooked_beef":2,"minecraft:cooked_porkchop":8,"minecraft:leather":8,"minecraft:torch":3,"minecraft:gravel":1,"minecraft:porkchop":8,"minecraft:oak_log":6,"minecraft:gunpowder":1,"minecraft:spider_eye":1,"minecraft:dirt":25,"minecraft:string":7,"minecraft:raw_copper":13,"minecraft:bone":3,"minecraft:arrow":3,"minecraft:rotten_flesh":3,"minecraft:beef":10,"minecraft:iron_ingot":1,"minecraft:oak_sapling":1,"minecraft:mutton":1,"minecraft:coal":53,"minecraft:white_wool":1,"minecraft:cobblestone":90,"minecraft:furnace":2},"minecraft:used":{"minecraft:stone_sword":58,"minecraft:stone_pickaxe":70,"minecraft:wooden_pickaxe":52,"minecraft:torch":14,"minecraft:rotten_flesh":2,"minecraft:stone_axe":1,"minecraft:dirt":15,"minecraft:cobblestone":6,"minecraft:crafting_table":3,"minecraft:furnace":2,"minecraft:cooked_beef":2},"minecraft:dropped":{"minecraft:gravel":1,"minecraft:gunpowder":1,"minecraft:raw_copper":13,"minecraft:oak_sapling":1,"minecraft:arrow":1},"minecraft:killed_by":{"minecraft:skeleton":1},"minecraft:killed":{"minecraft:skeleton":1,"minecraft:zombie":4,"minecraft:pig":3,"minecraft:spider":4,"minecraft:cow":6},"minecraft:crafted":{"minecraft:cooked_beef":7,"minecraft:oak_planks":24,"minecraft:crafting_table":1,"minecraft:stick":16,"minecraft:wooden_pickaxe":1,"minecraft:stone_pickaxe":1,"minecraft:stone_sword":1,"minecraft:furnace":1,"minecraft:torch":24,"minecraft:stone_axe":1,"minecraft:air":0},"minecraft:broken":{"minecraft:wooden_pickaxe":1},"minecraft:mined":{"minecraft:furnace":2,"minecraft:torch":1,"minecraft:crafting_table":3,"minecraft:short_grass":2,"minecraft:coal_ore":23,"minecraft:grass_block":3,"minecraft:oak_log":6,"minecraft:gravel":1,"minecraft:dirt":1,"minecraft:cobblestone":2,"minecraft:stone":88,"minecraft:wall_torch":1,"minecraft:oak_leaves":4}},"DataVersion":3953}