{"stats":{"minecraft:custom":{"minecraft:interact_with_furnace":4,"minecraft:mob_kills":20,"minecraft:interact_with_crafting_table":4,"minecraft:leave_game":1,"minecraft:time_since_death":37568,"minecraft:sleep_in_bed":1,"minecraft:climb_one_cm":2049,"minecraft:time_since_rest":14567,"minecraft:sprint_one_cm":97764,"minecraft:damage_taken":514,"minecraft:walk_one_cm":144726,"minecraft:drop":21,"minecraft:damage_dealt":2876,"minecraft:swim_one_cm":7390,"minecraft:fly_one_cm":105388,"minecraft:open_chest":31,"minecraft:crouch_one_cm":1310,"minecraft:play_time":54132,"minecraft:deaths":1,"minecraft:sneak_time":434,"minecraft:walk_under_water_one_cm":2237,"minecraft:jump":906,"minecraft:walk_on_water_one_cm":1852,"minecraft:total_world_time":54132,"minecraft:fall_one_cm":16558,"minecraft:inspect_dispenser":2},"minecraft:picked_up":{"minecraft:crafting_table":3,"minecraft:cooked_beef":2,"minecraft:jungle_log":1,"minecraft:leather":8,"minecraft:oak_log":8,"minecraft:gunpowder":1,"minecraft:string":8,"minecraft:dirt":42,"minecraft:raw_copper":13,"minecraft:bone":4,"minecraft:apple":2,"minecraft:bow":1,"minecraft:iron_ingot":1,"minecraft:beef":10,"minecraft:egg":1,"minecraft:furnace":2,"minecraft:stick":3,"minecraft:cooked_porkchop":8,"minecraft:torch":4,"minecraft:gravel":1,"minecraft:porkchop":8,"minecraft:white_bed":1,"minecraft:spider_eye":1,"minecraft:arrow":5,"minecraft:rotten_flesh":3,"minecraft:oak_sapling":1,"minecraft:coal":53,"minecraft:mutton":1,"minecraft:white_wool":1,"minecraft:cobblestone":90},"minecraft:used":{"minecraft:stone_sword":71,"minecraft:stone_pickaxe":70,"minecraft:wooden_pickaxe":52,"minecraft:rotten_flesh":2,"minecraft:torch":17,"minecraft:dirt":15,"minecraft:crafting_table":3,"minecraft:stone_axe":1,"minecraft:cobblestone":6,"minecraft:furnace":2,"minecraft:egg":1,"minecraft:cooked_beef":3},"minecraft:dropped":{"minecraft:gravel":1,"minecraft:oak_log":1,"minecraft:raw_copper":13,"minecraft:poppy":64,"minecraft:gunpowder":1,"minecraft:jungle_log":1,"minecraft:oak_sapling":1,"minecraft:arrow":1,"minecraft:bow":1},"minecraft:killed_by":{"minecraft:skeleton":1},"minecraft:killed":{"minecraft:pig":3,"minecraft:spider":4,"minecraft:skeleton":2,"minecraft:zombie":4,"minecraft:cow":6},"minecraft:crafted":{"minecraft:cooked_beef":7,"minecraft:oak_planks":28,"minecraft:crafting_table":1,"minecraft:wooden_pickaxe":1,"minecraft:furnace":1,"minecraft:stone_axe":1,"minecraft:air":0,"minecraft:stick":16,"minecraft:stone_pickaxe":1,"minecraft:stone_sword":1,"minecraft:torch":24},"minecraft:broken":{"minecraft:wooden_pickaxe":1},"minecraft:mined":{"minecraft:white_bed":1,"minecraft:jungle_leaves":3,"minecraft:crafting_table":3,"minecraft:torch":2,"minecraft:short_grass":2,"minecraft:grass_block":3,"minecraft:cobblestone":2,"minecraft:wall_torch":1,"minecraft:furnace":2,"minecraft:fire":1,"minecraft:oak_log":6,"minecraft:coal_ore":23,"minecraft:vine":1,"minecraft:gravel":1,"minecraft:dirt":1,"minecraft:stone":88,"minecraft:tripwire":1,"minecraft:oak_leaves":5}},"DataVersion":3953}