{"stats":{"minecraft:crafted":{"minecraft:cobblestone_slab":4,"minecraft:crafting_table":1,"minecraft:air":0,"minecraft:observer":69},"minecraft:killed":{"minecraft:magma_cube":2,"minecraft:spider":3,"minecraft:skeleton":1,"minecraft:zombie":1,"minecraft:wither_skeleton":13,"minecraft:player":2,"minecraft:blaze":10},"minecraft:dropped":{"minecraft:iron_sword":1,"minecraft:rotten_flesh":1,"minecraft:shulker_box":1,"minecraft:poppy":1130,"minecraft:quartz":50,"minecraft:string":4},"minecraft:custom":{"minecraft:interact_with_furnace":2,"minecraft:mob_kills":31,"minecraft:inspect_hopper":7,"minecraft:interact_with_crafting_table":3,"minecraft:open_shulker_box":18,"minecraft:bell_ring":3,"minecraft:interact_with_stonecutter":3,"minecraft:leave_game":14,"minecraft:time_since_death":37751,"minecraft:sleep_in_bed":13,"minecraft:climb_one_cm":4695,"minecraft:time_since_rest":11431,"minecraft:sprint_one_cm":423484,"minecraft:damage_taken":3241,"minecraft:walk_one_cm":222508,"minecraft:damage_blocked_by_shield":250,"minecraft:drop":25,"minecraft:damage_dealt":6910,"minecraft:swim_one_cm":149588,"minecraft:fly_one_cm":378193,"minecraft:player_kills":3,"minecraft:open_chest":153,"minecraft:crouch_one_cm":37052,"minecraft:play_time":226896,"minecraft:sneak_time":17790,"minecraft:deaths":11,"minecraft:walk_under_water_one_cm":146983,"minecraft:boat_one_cm":16403,"minecraft:jump":2537,"minecraft:walk_on_water_one_cm":105911,"minecraft:total_world_time":226896,"minecraft:fall_one_cm":67418,"minecraft:inspect_dispenser":87},"minecraft:mined":{"minecraft:oak_sapling":1,"minecraft:observer":84,"minecraft:shulker_box":16,"minecraft:nether_bricks":29,"minecraft:short_grass":1,"minecraft:grass_block":2,"minecraft:lectern":1,"minecraft:cobblestone":3,"minecraft:spruce_leaves":1,"minecraft:lily_pad":2,"minecraft:warped_wart_block":1,"minecraft:warped_nylium":3,"minecraft:nether_sprouts":1,"minecraft:fire":3,"minecraft:nether_brick_stairs":1,"minecraft:nether_brick_fence":1,"minecraft:oak_log":103,"minecraft:cobblestone_slab":9,"minecraft:vine":1,"minecraft:dispenser":2,"minecraft:stonecutter":4,"minecraft:stone":6,"minecraft:oak_leaves":5},"minecraft:used":{"minecraft:nether_brick_fence":1,"minecraft:water_bucket":47,"minecraft:dispenser":83,"minecraft:redstone":2,"minecraft:shield":8,"minecraft:iron_sword":111,"minecraft:cobblestone_slab":76,"minecraft:stonecutter":3,"minecraft:netherrack":1,"minecraft:dirt":11,"minecraft:crafting_table":1,"minecraft:nether_bricks":24,"minecraft:shulker_box":16,"minecraft:nether_brick_stairs":1,"minecraft:diamond_pickaxe":160,"minecraft:apple":6,"minecraft:iron_axe":107,"minecraft:string":1,"minecraft:cobblestone":12,"minecraft:beef":3,"minecraft:oak_sapling":1,"minecraft:bucket":48,"minecraft:egg":1,"minecraft:light_gray_bed":1,"minecraft:observer":165},"minecraft:killed_by":{"minecraft:wither_skeleton":1,"minecraft:blaze":1},"minecraft:picked_up":{"minecraft:nether_brick_fence":1,"minecraft:oak_log":103,"minecraft:lily_pad":2,"minecraft:gunpowder":2,"minecraft:dirt":12,"minecraft:string":5,"minecraft:bone":12,"minecraft:apple":6,"minecraft:stonecutter":4,"minecraft:bucket":1,"minecraft:beef":3,"minecraft:cobblestone_slab":13,"minecraft:poppy":128,"minecraft:observer":96,"minecraft:lectern":1,"minecraft:iron_sword":1,"minecraft:egg":1,"minecraft:stick":44,"minecraft:quartz":25,"minecraft:nether_brick_stairs":1,"minecraft:redstone":147,"minecraft:shulker_box":16,"minecraft:spider_eye":2,"minecraft:rotten_flesh":1,"minecraft:stone_sword":1,"minecraft:dispenser":2,"minecraft:light_gray_bed":1,"minecraft:nether_bricks":29,"minecraft:oak_sapling":66,"minecraft:blaze_rod":5,"minecraft:netherrack":3,"minecraft:coal":3,"minecraft:cobblestone":9}},"DataVersion":3953}