{"stats":{"minecraft:dropped":{"minecraft:rotten_flesh":1,"minecraft:string":4,"minecraft:quartz":50},"minecraft:used":{"minecraft:water_bucket":43,"minecraft:diamond_pickaxe":119,"minecraft:iron_axe":1,"minecraft:dispenser":83,"minecraft:redstone":2,"minecraft:iron_sword":24,"minecraft:stonecutter":3,"minecraft:cobblestone_slab":27,"minecraft:dirt":1,"minecraft:cobblestone":12,"minecraft:beef":3,"minecraft:crafting_table":1,"minecraft:bucket":44,"minecraft:shulker_box":15,"minecraft:observer":165},"minecraft:killed":{"minecraft:skeleton":1,"minecraft:zombie":1,"minecraft:spider":3},"minecraft:mined":{"minecraft:observer":84,"minecraft:shulker_box":15,"minecraft:grass_block":1,"minecraft:cobblestone_slab":9,"minecraft:lectern":1,"minecraft:dispenser":2,"minecraft:cobblestone":3,"minecraft:stonecutter":4},"minecraft:picked_up":{"minecraft:quartz":25,"minecraft:gunpowder":2,"minecraft:shulker_box":15,"minecraft:redstone":141,"minecraft:string":5,"minecraft:dirt":1,"minecraft:dispenser":2,"minecraft:rotten_flesh":1,"minecraft:stonecutter":4,"minecraft:beef":3,"minecraft:observer":96,"minecraft:cobblestone_slab":13,"minecraft:lectern":1,"minecraft:cobblestone":3},"minecraft:crafted":{"minecraft:cobblestone_slab":4,"minecraft:crafting_table":1,"minecraft:air":0,"minecraft:observer":69},"minecraft:custom":{"minecraft:time_since_rest":71391,"minecraft:sprint_one_cm":152391,"minecraft:damage_taken":845,"minecraft:walk_one_cm":106519,"minecraft:mob_kills":5,"minecraft:drop":4,"minecraft:damage_dealt":1436,"minecraft:swim_one_cm":71351,"minecraft:interact_with_crafting_table":3,"minecraft:fly_one_cm":101976,"minecraft:open_chest":72,"minecraft:open_shulker_box":18,"minecraft:crouch_one_cm":31345,"minecraft:play_time":115775,"minecraft:deaths":2,"minecraft:sneak_time":15150,"minecraft:bell_ring":3,"minecraft:walk_under_water_one_cm":138442,"minecraft:boat_one_cm":8599,"minecraft:jump":796,"minecraft:interact_with_stonecutter":3,"minecraft:leave_game":6,"minecraft:walk_on_water_one_cm":72237,"minecraft:time_since_death":71371,"minecraft:sleep_in_bed":4,"minecraft:climb_one_cm":146,"minecraft:total_world_time":115775,"minecraft:fall_one_cm":18364,"minecraft:inspect_dispenser":87}},"DataVersion":3953}