{"stats":{"minecraft:dropped":{"minecraft:iron_sword":1,"minecraft:rotten_flesh":1,"minecraft:poppy":983,"minecraft:string":4,"minecraft:quartz":50},"minecraft:picked_up":{"minecraft:nether_brick_fence":1,"minecraft:gunpowder":2,"minecraft:dirt":2,"minecraft:string":5,"minecraft:bone":9,"minecraft:stonecutter":4,"minecraft:beef":3,"minecraft:cobblestone_slab":13,"minecraft:observer":96,"minecraft:poppy":64,"minecraft:lectern":1,"minecraft:iron_sword":1,"minecraft:quartz":25,"minecraft:nether_brick_stairs":1,"minecraft:redstone":141,"minecraft:shulker_box":15,"minecraft:dispenser":2,"minecraft:rotten_flesh":1,"minecraft:nether_bricks":25,"minecraft:blaze_rod":5,"minecraft:netherrack":3,"minecraft:coal":3,"minecraft:cobblestone":3},"minecraft:killed":{"minecraft:magma_cube":2,"minecraft:spider":3,"minecraft:skeleton":1,"minecraft:zombie":1,"minecraft:wither_skeleton":10,"minecraft:player":1,"minecraft:blaze":10},"minecraft:custom":{"minecraft:mob_kills":28,"minecraft:inspect_hopper":4,"minecraft:interact_with_crafting_table":3,"minecraft:open_shulker_box":18,"minecraft:bell_ring":3,"minecraft:interact_with_stonecutter":3,"minecraft:leave_game":8,"minecraft:time_since_death":2383,"minecraft:sleep_in_bed":5,"minecraft:climb_one_cm":146,"minecraft:time_since_rest":2407,"minecraft:sprint_one_cm":259406,"minecraft:damage_taken":2631,"minecraft:walk_one_cm":159921,"minecraft:damage_blocked_by_shield":250,"minecraft:drop":21,"minecraft:damage_dealt":5808,"minecraft:swim_one_cm":98018,"minecraft:player_kills":2,"minecraft:fly_one_cm":196320,"minecraft:open_chest":85,"minecraft:crouch_one_cm":34011,"minecraft:play_time":147761,"minecraft:deaths":9,"minecraft:sneak_time":16300,"minecraft:walk_under_water_one_cm":139295,"minecraft:boat_one_cm":16403,"minecraft:jump":1371,"minecraft:walk_on_water_one_cm":74901,"minecraft:total_world_time":147761,"minecraft:fall_one_cm":44445,"minecraft:inspect_dispenser":87},"minecraft:mined":{"minecraft:observer":84,"minecraft:shulker_box":15,"minecraft:nether_bricks":25,"minecraft:grass_block":2,"minecraft:lectern":1,"minecraft:cobblestone":3,"minecraft:spruce_leaves":1,"minecraft:warped_wart_block":1,"minecraft:warped_nylium":3,"minecraft:fire":3,"minecraft:nether_brick_stairs":1,"minecraft:nether_brick_fence":1,"minecraft:cobblestone_slab":9,"minecraft:stonecutter":4,"minecraft:dispenser":2},"minecraft:killed_by":{"minecraft:wither_skeleton":1},"minecraft:used":{"minecraft:nether_brick_fence":1,"minecraft:water_bucket":43,"minecraft:dispenser":83,"minecraft:redstone":2,"minecraft:shield":8,"minecraft:iron_sword":93,"minecraft:stonecutter":3,"minecraft:cobblestone_slab":44,"minecraft:netherrack":1,"minecraft:dirt":1,"minecraft:crafting_table":1,"minecraft:nether_bricks":24,"minecraft:shulker_box":15,"minecraft:nether_brick_stairs":1,"minecraft:diamond_pickaxe":149,"minecraft:iron_axe":1,"minecraft:string":1,"minecraft:cobblestone":12,"minecraft:beef":3,"minecraft:bucket":44,"minecraft:observer":165},"minecraft:crafted":{"minecraft:cobblestone_slab":4,"minecraft:crafting_table":1,"minecraft:air":0,"minecraft:observer":69}},"DataVersion":3953}