{"stats":{"minecraft:dropped":{"minecraft:poppy":983,"minecraft:rotten_flesh":1,"minecraft:string":4,"minecraft:quartz":50},"minecraft:picked_up":{"minecraft:quartz":25,"minecraft:nether_brick_stairs":1,"minecraft:gunpowder":2,"minecraft:redstone":141,"minecraft:string":5,"minecraft:dirt":2,"minecraft:shulker_box":15,"minecraft:dispenser":2,"minecraft:rotten_flesh":1,"minecraft:stonecutter":4,"minecraft:beef":3,"minecraft:observer":96,"minecraft:cobblestone_slab":13,"minecraft:poppy":64,"minecraft:lectern":1,"minecraft:netherrack":1,"minecraft:cobblestone":3},"minecraft:killed":{"minecraft:skeleton":1,"minecraft:magma_cube":1,"minecraft:zombie":1,"minecraft:spider":3},"minecraft:custom":{"minecraft:time_since_rest":2833,"minecraft:sprint_one_cm":207005,"minecraft:damage_taken":1375,"minecraft:walk_one_cm":126876,"minecraft:mob_kills":6,"minecraft:drop":20,"minecraft:inspect_hopper":4,"minecraft:damage_dealt":1596,"minecraft:interact_with_crafting_table":3,"minecraft:swim_one_cm":98018,"minecraft:fly_one_cm":154804,"minecraft:open_chest":82,"minecraft:open_shulker_box":18,"minecraft:crouch_one_cm":32096,"minecraft:play_time":134915,"minecraft:bell_ring":3,"minecraft:deaths":4,"minecraft:sneak_time":15484,"minecraft:walk_under_water_one_cm":139295,"minecraft:boat_one_cm":16403,"minecraft:jump":1150,"minecraft:leave_game":7,"minecraft:interact_with_stonecutter":3,"minecraft:time_since_death":2807,"minecraft:walk_on_water_one_cm":74901,"minecraft:sleep_in_bed":5,"minecraft:climb_one_cm":146,"minecraft:total_world_time":134915,"minecraft:fall_one_cm":29967,"minecraft:inspect_dispenser":87},"minecraft:mined":{"minecraft:warped_nylium":1,"minecraft:fire":1,"minecraft:observer":84,"minecraft:nether_brick_stairs":1,"minecraft:shulker_box":15,"minecraft:grass_block":2,"minecraft:cobblestone_slab":9,"minecraft:lectern":1,"minecraft:spruce_leaves":1,"minecraft:cobblestone":3,"minecraft:dispenser":2,"minecraft:stonecutter":4,"minecraft:warped_wart_block":1},"minecraft:used":{"minecraft:water_bucket":43,"minecraft:diamond_pickaxe":121,"minecraft:iron_axe":1,"minecraft:dispenser":83,"minecraft:redstone":2,"minecraft:iron_sword":27,"minecraft:stonecutter":3,"minecraft:cobblestone_slab":41,"minecraft:netherrack":1,"minecraft:dirt":1,"minecraft:cobblestone":12,"minecraft:beef":3,"minecraft:crafting_table":1,"minecraft:bucket":44,"minecraft:shulker_box":15,"minecraft:observer":165,"minecraft:nether_brick_stairs":1},"minecraft:crafted":{"minecraft:cobblestone_slab":4,"minecraft:crafting_table":1,"minecraft:observer":69,"minecraft:air":0}},"DataVersion":3953}