{"stats":{"minecraft:killed_by":{"minecraft:wither_skeleton":1,"minecraft:creeper":1,"minecraft:drowned":1,"minecraft:vindicator":3,"minecraft:blaze":1,"minecraft:zombie":5,"minecraft:spider":1,"minecraft:enderman":1,"minecraft:skeleton":2},"minecraft:crafted":{"minecraft:oak_planks":688,"minecraft:smooth_stone":1,"minecraft:chainmail_helmet":6,"minecraft:cobblestone_slab":18,"minecraft:wolf_armor":1,"minecraft:stone":17,"minecraft:lever":1,"minecraft:bookshelf":1,"minecraft:glass":325,"minecraft:hopper":12,"minecraft:repeater":4,"minecraft:iron_boots":17,"minecraft:chest":40,"minecraft:acacia_fence":3,"minecraft:stone_hoe":1,"minecraft:oak_slab":6,"minecraft:emerald":113,"minecraft:crafting_table":6,"minecraft:acacia_slab":18,"minecraft:wooden_pickaxe":1,"minecraft:iron_helmet":1,"minecraft:fletching_table":1,"minecraft:birch_planks":144,"minecraft:campfire":2,"minecraft:light_gray_bed":1,"minecraft:lectern":1,"minecraft:diamond_pickaxe":1,"minecraft:iron_chestplate":2,"minecraft:book":2,"minecraft:paper":6,"minecraft:charcoal":7,"minecraft:shield":1,"minecraft:stick":1654,"minecraft:iron_ingot":2321,"minecraft:iron_pickaxe":3,"minecraft:iron_block":256,"minecraft:stone_sword":4,"minecraft:redstone_torch":8,"minecraft:composter":2,"minecraft:shears":1,"minecraft:stone_shovel":3,"minecraft:fishing_rod":1,"minecraft:acacia_fence_gate":2,"minecraft:furnace":3,"minecraft:stone_button":1,"minecraft:blast_furnace":1,"minecraft:piston":3,"minecraft:bone_meal":18,"minecraft:white_carpet":24,"minecraft:iron_axe":1,"minecraft:ladder":3,"minecraft:stone_pickaxe":2,"minecraft:wheat":807,"minecraft:iron_sword":2,"minecraft:acacia_trapdoor":8,"minecraft:bucket":1,"minecraft:stone_axe":4,"minecraft:acacia_boat":5,"minecraft:bread":212,"minecraft:air":0,"minecraft:oak_chest_boat":1,"minecraft:acacia_sign":24,"minecraft:chainmail_boots":12,"minecraft:wooden_axe":1,"minecraft:iron_leggings":2,"minecraft:white_bed":15,"minecraft:note_block":3,"minecraft:acacia_planks":532,"minecraft:torch":12},"minecraft:picked_up":{"minecraft:iron_chestplate":1,"minecraft:wheat":8,"minecraft:chainmail_boots":12,"minecraft:nether_brick_fence":1,"minecraft:lead":72,"minecraft:golden_sword":1,"minecraft:string":13,"minecraft:iron_leggings":2,"minecraft:shroomlight":1,"minecraft:cobbled_deepslate":57,"minecraft:gold_nugget":4,"minecraft:smooth_stone":2,"minecraft:bucket":5,"minecraft:acacia_sign":1,"minecraft:cobblestone_slab":19,"minecraft:tipped_arrow":7,"minecraft:stick":199,"minecraft:acacia_fence":52,"minecraft:composter":13,"minecraft:oak_fence":25,"minecraft:torch":1,"minecraft:acacia_log":237,"minecraft:porkchop":5,"minecraft:diorite":13,"minecraft:orange_bed":19,"minecraft:light_gray_bed":12,"minecraft:rotten_flesh":58,"minecraft:iron_block":28,"minecraft:armadillo_scute":14,"minecraft:bookshelf":1,"minecraft:blaze_rod":1,"minecraft:obsidian":1,"minecraft:cobblestone":283,"minecraft:birch_log":36,"minecraft:feather":1,"minecraft:repeater":4,"minecraft:andesite":6,"minecraft:jungle_log":6,"minecraft:brown_wool":9,"minecraft:potato":16,"minecraft:flint":8,"minecraft:acacia_boat":33,"minecraft:dirt":776,"minecraft:name_tag":2,"minecraft:glass":40,"minecraft:bone":27,"minecraft:acacia_planks":70,"minecraft:stonecutter":2,"minecraft:bow":1,"minecraft:wheat_seeds":75,"minecraft:bell":18,"minecraft:grindstone":1,"minecraft:fletching_table":2,"minecraft:oak_planks":34,"minecraft:warped_wart_block":2,"minecraft:sand":113,"minecraft:nether_brick_stairs":2,"minecraft:diamond":3,"minecraft:lever":1,"minecraft:crossbow":6,"minecraft:granite":8,"minecraft:emerald":28,"minecraft:chainmail_helmet":12,"minecraft:music_disc_precipice":1,"minecraft:oak_sapling":40,"minecraft:netherrack":276,"minecraft:dark_oak_fence":4,"minecraft:oak_leaves":126,"minecraft:crafting_table":16,"minecraft:ominous_bottle":3,"minecraft:chicken":1,"minecraft:ladder":6,"minecraft:shield":1,"minecraft:wind_charge":3,"minecraft:red_bed":18,"minecraft:iron_axe":5,"minecraft:white_carpet":4,"minecraft:cartography_table":3,"minecraft:beef":1,"minecraft:oak_boat":23,"minecraft:observer":9,"minecraft:iron_nugget":26,"minecraft:poppy":1,"minecraft:light_gray_wool":5,"minecraft:lectern":49,"minecraft:birch_sapling":4,"minecraft:piston":2,"minecraft:phantom_membrane":1,"minecraft:egg":16,"minecraft:raw_iron":24,"minecraft:note_block":3,"minecraft:stone_button":1,"minecraft:carrot":82,"minecraft:redstone":32,"minecraft:arrow":38,"minecraft:beetroot_seeds":1,"minecraft:nether_bricks":18,"minecraft:hay_block":91,"minecraft:saddle":4,"minecraft:oak_chest_boat":1,"minecraft:mutton":19,"minecraft:white_wool":94,"minecraft:leather":10,"minecraft:birch_planks":10,"minecraft:oak_log":198,"minecraft:gunpowder":11,"minecraft:white_banner":13,"minecraft:apple":6,"minecraft:oak_fence_gate":1,"minecraft:iron_ingot":939,"minecraft:stone_pickaxe":2,"minecraft:iron_sword":2,"minecraft:acacia_sapling":37,"minecraft:daylight_detector":10,"minecraft:quartz":27,"minecraft:gravel":18,"minecraft:blast_furnace":1,"minecraft:white_bed":6,"minecraft:spider_eye":1,"minecraft:stone_axe":1,"minecraft:diamond_axe":1,"minecraft:gray_wool":2,"minecraft:coal":96},"minecraft:custom":{"minecraft:animals_bred":2,"minecraft:interact_with_crafting_table":114,"minecraft:bell_ring":648,"minecraft:leave_game":29,"minecraft:time_since_death":16056,"minecraft:sprint_one_cm":1983879,"minecraft:damage_blocked_by_shield":2767,"minecraft:drop":220,"minecraft:talked_to_villager":366,"minecraft:play_time":1030102,"minecraft:deaths":38,"minecraft:jump":16816,"minecraft:walk_on_water_one_cm":212538,"minecraft:interact_with_furnace":129,"minecraft:traded_with_villager":148,"minecraft:interact_with_cartography_table":1,"minecraft:sleep_in_bed":44,"minecraft:damage_dealt":46646,"minecraft:player_kills":3,"minecraft:crouch_one_cm":121484,"minecraft:horse_one_cm":1769627,"minecraft:mob_kills":240,"minecraft:interact_with_anvil":2,"minecraft:inspect_hopper":6,"minecraft:climb_one_cm":17128,"minecraft:walk_one_cm":1609119,"minecraft:raid_win":2,"minecraft:sneak_time":47332,"minecraft:walk_under_water_one_cm":87695,"minecraft:boat_one_cm":206899,"minecraft:interact_with_blast_furnace":5,"minecraft:total_world_time":1030102,"minecraft:raid_trigger":1,"minecraft:interact_with_grindstone":6,"minecraft:time_since_rest":16079,"minecraft:damage_taken":16243,"minecraft:swim_one_cm":496899,"minecraft:fly_one_cm":2987149,"minecraft:open_chest":394,"minecraft:fall_one_cm":492847},"minecraft:used":{"minecraft:ladder":5,"minecraft:chest":27,"minecraft:shield":95,"minecraft:iron_sword":325,"minecraft:bell":18,"minecraft:rotten_flesh":25,"minecraft:mutton":7,"minecraft:nether_bricks":5,"minecraft:crafter":1,"minecraft:carrot":70,"minecraft:acacia_sapling":23,"minecraft:obsidian":1,"minecraft:glass":249,"minecraft:lava_bucket":46,"minecraft:villager_spawn_egg":11,"minecraft:birch_sapling":4,"minecraft:iron_helmet":1,"minecraft:repeater":4,"minecraft:vault":6,"minecraft:ominous_bottle":1,"minecraft:oak_sapling":32,"minecraft:furnace":2,"minecraft:beetroot_seeds":1,"minecraft:acacia_fence":99,"minecraft:egg":16,"minecraft:potato":6,"minecraft:oak_chest_boat":2,"minecraft:stone_pickaxe":379,"minecraft:acacia_trapdoor":7,"minecraft:wooden_pickaxe":3,"minecraft:composter":15,"minecraft:chainmail_helmet":1,"minecraft:oak_leaves":52,"minecraft:sand":1,"minecraft:blast_furnace":2,"minecraft:crossbow":9,"minecraft:note_block":3,"minecraft:shears":95,"minecraft:lever":1,"minecraft:stone_button":1,"minecraft:daylight_detector":10,"minecraft:string":28,"minecraft:bread":170,"minecraft:brown_wool":9,"minecraft:lectern":50,"minecraft:gravel":6,"minecraft:grindstone":1,"minecraft:andesite":3,"minecraft:chain":8,"minecraft:oak_boat":22,"minecraft:bone_meal":16,"minecraft:oak_fence":11,"minecraft:stone_sword":510,"minecraft:acacia_log":55,"minecraft:stone_shovel":212,"minecraft:redstone":4,"minecraft:trial_key":5,"minecraft:stone_hoe":135,"minecraft:netherrack":107,"minecraft:orange_bed":19,"minecraft:torch":13,"minecraft:dirt":672,"minecraft:warped_wart_block":1,"minecraft:anvil":2,"minecraft:white_carpet":28,"minecraft:hopper":12,"minecraft:granite":4,"minecraft:oak_fence_gate":1,"minecraft:wooden_axe":61,"minecraft:iron_axe":289,"minecraft:acacia_slab":2,"minecraft:goat_horn":17,"minecraft:cobbled_deepslate":19,"minecraft:acacia_planks":4,"minecraft:observer":18,"minecraft:light_gray_bed":13,"minecraft:wheat_seeds":37,"minecraft:acacia_boat":35,"minecraft:water_bucket":126,"minecraft:birch_planks":10,"minecraft:cartography_table":1,"minecraft:fletching_table":3,"minecraft:cobblestone_slab":14,"minecraft:crafting_table":18,"minecraft:red_bed":18,"minecraft:white_bed":21,"minecraft:campfire":2,"minecraft:oak_log":9,"minecraft:piston":5,"minecraft:apple":5,"minecraft:acacia_sign":9,"minecraft:chicken":1,"minecraft:iron_pickaxe":385,"minecraft:acacia_fence_gate":2,"minecraft:stone_axe":336,"minecraft:cobblestone":492,"minecraft:white_banner":9,"minecraft:porkchop":5,"minecraft:bucket":149,"minecraft:pillager_spawn_egg":2},"minecraft:mined":{"minecraft:white_bed":6,"minecraft:jungle_leaves":3,"minecraft:granite":8,"minecraft:acacia_log":236,"minecraft:grass_block":214,"minecraft:brown_wool":9,"minecraft:jungle_log":6,"minecraft:light_gray_bed":12,"minecraft:composter":13,"minecraft:iron_ore":23,"minecraft:fire":13,"minecraft:fletching_table":2,"minecraft:nether_brick_stairs":1,"minecraft:tripwire":3,"minecraft:orange_bed":19,"minecraft:red_bed":18,"minecraft:blast_furnace":1,"minecraft:nether_quartz_ore":18,"minecraft:cobblestone":111,"minecraft:grindstone":1,"minecraft:wall_torch":1,"minecraft:warped_nylium":5,"minecraft:acacia_sapling":1,"minecraft:birch_log":36,"minecraft:wheat":38,"minecraft:oak_log":198,"minecraft:beetroots":4,"minecraft:oak_fence_gate":1,"minecraft:acacia_fence":2,"minecraft:sand":114,"minecraft:dirt":444,"minecraft:acacia_sign":1,"minecraft:stonecutter":1,"minecraft:netherrack":227,"minecraft:piston":2,"minecraft:oak_leaves":174,"minecraft:deepslate":19,"minecraft:daylight_detector":1,"minecraft:deepslate_diamond_ore":2,"minecraft:glow_lichen":3,"minecraft:nether_bricks":16,"minecraft:dark_oak_fence":8,"minecraft:redstone_wire":1,"minecraft:cartography_table":3,"minecraft:hay_block":69,"minecraft:carrots":46,"minecraft:andesite":6,"minecraft:bell":17,"minecraft:nether_brick_fence":1,"minecraft:potatoes":17,"minecraft:shroomlight":1,"minecraft:cobblestone_slab":6,"minecraft:vine":5,"minecraft:stone":93,"minecraft:acacia_leaves":77,"minecraft:observer":10,"minecraft:oak_fence":5,"minecraft:crafting_table":16,"minecraft:short_grass":281,"minecraft:lectern":49,"minecraft:campfire":2,"minecraft:tall_grass":25,"minecraft:diorite":11,"minecraft:warped_wart_block":1,"minecraft:birch_planks":10,"minecraft:white_carpet":2,"minecraft:birch_leaves":6,"minecraft:white_wall_banner":1,"minecraft:coal_ore":96,"minecraft:gravel":24,"minecraft:fern":4},"minecraft:dropped":{"minecraft:iron_sword":2,"minecraft:oak_log":17,"minecraft:crossbow":1,"minecraft:saddle":1,"minecraft:flint":5,"minecraft:emerald":29,"minecraft:dirt":66,"minecraft:dark_oak_fence":4,"minecraft:mutton":5,"minecraft:gold_nugget":1,"minecraft:sand":9,"minecraft:iron_pickaxe":1,"minecraft:fishing_rod":1,"minecraft:bone":3,"minecraft:gravel":6,"minecraft:pillager_spawn_egg":1,"minecraft:wheat":5,"minecraft:rotten_flesh":7,"minecraft:carrot":3,"minecraft:poppy":952,"minecraft:gunpowder":10,"minecraft:chainmail_boots":24,"minecraft:ladder":1,"minecraft:arrow":2,"minecraft:glass":33,"minecraft:warped_wart_block":1,"minecraft:quartz":70,"minecraft:acacia_fence":3,"minecraft:oak_leaves":63,"minecraft:netherrack":3,"minecraft:golden_boots":1,"minecraft:iron_ingot":1841,"minecraft:bread":68,"minecraft:wheat_seeds":28,"minecraft:bookshelf":1,"minecraft:cobblestone":129,"minecraft:lead":3,"minecraft:granite":4,"minecraft:chainmail_helmet":18,"minecraft:acacia_log":30,"minecraft:stick":1365,"minecraft:diorite":3,"minecraft:iron_leggings":3,"minecraft:armadillo_scute":1,"minecraft:stonecutter":1,"minecraft:string":9,"minecraft:bucket":1,"minecraft:acacia_planks":7,"minecraft:iron_boots":6,"minecraft:name_tag":2,"minecraft:shield":2,"minecraft:diamond_pickaxe":1,"minecraft:iron_chestplate":2,"minecraft:stone_pickaxe":2},"minecraft:killed":{"minecraft:zombified_piglin":10,"minecraft:spider":7,"minecraft:skeleton":25,"minecraft:chicken":1,"minecraft:magma_cube":13,"minecraft:pig":1,"minecraft:zombie_villager":1,"minecraft:iron_golem":1,"minecraft:creeper":5,"minecraft:sheep":12,"minecraft:trader_llama":3,"minecraft:pillager":56,"minecraft:zombie":51,"minecraft:cow":1,"minecraft:blaze":1,"minecraft:armadillo":1,"minecraft:vindicator":7,"minecraft:phantom":1,"minecraft:horse":1,"minecraft:drowned":1,"minecraft:wandering_trader":2,"minecraft:ravager":3,"minecraft:wither_skeleton":1,"minecraft:villager":19,"minecraft:enderman":1},"minecraft:broken":{"minecraft:golden_boots":1,"minecraft:stone_pickaxe":3,"minecraft:stone_axe":3,"minecraft:wooden_axe":1,"minecraft:stone_shovel":1,"minecraft:stone_sword":3,"minecraft:iron_axe":1,"minecraft:iron_pickaxe":1}},"DataVersion":3953}