{"stats":{"minecraft:killed_by":{"minecraft:wither_skeleton":1,"minecraft:creeper":1,"minecraft:pillager":1,"minecraft:drowned":1,"minecraft:vindicator":3,"minecraft:blaze":1,"minecraft:zombie":6,"minecraft:spider":1,"minecraft:enderman":1,"minecraft:skeleton":2},"minecraft:broken":{"minecraft:golden_boots":1,"minecraft:stone_pickaxe":3,"minecraft:stone_axe":3,"minecraft:iron_sword":1,"minecraft:wooden_axe":1,"minecraft:stone_shovel":1,"minecraft:stone_sword":3,"minecraft:shield":1,"minecraft:iron_axe":1,"minecraft:iron_pickaxe":1,"minecraft:iron_helmet":1},"minecraft:crafted":{"minecraft:smooth_stone":1,"minecraft:oak_planks":688,"minecraft:chainmail_helmet":6,"minecraft:cobblestone_slab":18,"minecraft:blaze_powder":4,"minecraft:wolf_armor":1,"minecraft:stone":17,"minecraft:lever":1,"minecraft:bookshelf":1,"minecraft:glass":325,"minecraft:hopper":12,"minecraft:repeater":4,"minecraft:diamond_leggings":1,"minecraft:iron_boots":17,"minecraft:chest":40,"minecraft:acacia_fence":3,"minecraft:stone_hoe":1,"minecraft:ender_eye":4,"minecraft:oak_slab":6,"minecraft:emerald":163,"minecraft:crafting_table":6,"minecraft:acacia_slab":18,"minecraft:wooden_pickaxe":1,"minecraft:iron_helmet":1,"minecraft:copper_ingot":9,"minecraft:fletching_table":1,"minecraft:birch_planks":144,"minecraft:campfire":2,"minecraft:light_gray_bed":1,"minecraft:lectern":1,"minecraft:diamond_pickaxe":1,"minecraft:iron_chestplate":2,"minecraft:book":2,"minecraft:paper":6,"minecraft:charcoal":7,"minecraft:shield":1,"minecraft:stick":1654,"minecraft:iron_ingot":2321,"minecraft:iron_pickaxe":4,"minecraft:iron_block":256,"minecraft:stone_sword":4,"minecraft:redstone_torch":8,"minecraft:composter":2,"minecraft:shears":1,"minecraft:stone_shovel":3,"minecraft:fishing_rod":1,"minecraft:acacia_fence_gate":2,"minecraft:furnace":3,"minecraft:stone_button":1,"minecraft:blast_furnace":1,"minecraft:piston":3,"minecraft:bone_meal":18,"minecraft:white_carpet":24,"minecraft:iron_axe":1,"minecraft:ladder":3,"minecraft:stone_pickaxe":2,"minecraft:wheat":807,"minecraft:iron_sword":3,"minecraft:acacia_trapdoor":8,"minecraft:bucket":1,"minecraft:stone_axe":4,"minecraft:bread":212,"minecraft:acacia_boat":5,"minecraft:air":0,"minecraft:oak_chest_boat":1,"minecraft:acacia_sign":24,"minecraft:chainmail_boots":12,"minecraft:wooden_axe":1,"minecraft:iron_leggings":2,"minecraft:white_bed":15,"minecraft:note_block":3,"minecraft:acacia_planks":532,"minecraft:torch":12},"minecraft:used":{"minecraft:ladder":5,"minecraft:decorated_pot":1,"minecraft:chest":27,"minecraft:shield":96,"minecraft:iron_sword":496,"minecraft:bell":21,"minecraft:rotten_flesh":36,"minecraft:mutton":7,"minecraft:waxed_oxidized_chiseled_copper":1,"minecraft:nether_bricks":6,"minecraft:crafter":1,"minecraft:carrot":73,"minecraft:acacia_sapling":23,"minecraft:obsidian":1,"minecraft:glass":249,"minecraft:lava_bucket":46,"minecraft:villager_spawn_egg":11,"minecraft:birch_sapling":4,"minecraft:warped_nylium":7,"minecraft:iron_helmet":1,"minecraft:repeater":4,"minecraft:vault":6,"minecraft:ominous_bottle":1,"minecraft:oak_sapling":32,"minecraft:furnace":2,"minecraft:beetroot_seeds":1,"minecraft:acacia_fence":99,"minecraft:egg":24,"minecraft:potato":10,"minecraft:oak_chest_boat":2,"minecraft:stone_pickaxe":379,"minecraft:acacia_trapdoor":7,"minecraft:ender_pearl":1,"minecraft:wooden_pickaxe":3,"minecraft:composter":15,"minecraft:chainmail_helmet":1,"minecraft:oak_leaves":52,"minecraft:sand":1,"minecraft:blast_furnace":2,"minecraft:crossbow":10,"minecraft:note_block":3,"minecraft:shears":95,"minecraft:lever":1,"minecraft:stone_button":1,"minecraft:daylight_detector":10,"minecraft:string":28,"minecraft:bread":193,"minecraft:brown_wool":9,"minecraft:lectern":50,"minecraft:gravel":6,"minecraft:andesite":3,"minecraft:grindstone":1,"minecraft:chain":8,"minecraft:oak_boat":22,"minecraft:bone_meal":16,"minecraft:oak_fence":11,"minecraft:stone_sword":510,"minecraft:acacia_log":55,"minecraft:stone_shovel":212,"minecraft:redstone":4,"minecraft:trial_key":5,"minecraft:stone_hoe":135,"minecraft:netherrack":160,"minecraft:orange_bed":19,"minecraft:torch":13,"minecraft:dirt":678,"minecraft:warped_wart_block":1,"minecraft:anvil":2,"minecraft:white_carpet":28,"minecraft:hopper":12,"minecraft:granite":8,"minecraft:oak_fence_gate":1,"minecraft:wooden_axe":61,"minecraft:iron_axe":302,"minecraft:acacia_slab":2,"minecraft:goat_horn":26,"minecraft:cobbled_deepslate":25,"minecraft:acacia_planks":4,"minecraft:observer":18,"minecraft:light_gray_bed":13,"minecraft:wheat_seeds":37,"minecraft:acacia_boat":39,"minecraft:water_bucket":128,"minecraft:birch_planks":10,"minecraft:cartography_table":1,"minecraft:fletching_table":3,"minecraft:cobblestone_slab":14,"minecraft:warped_roots":2,"minecraft:crafting_table":18,"minecraft:red_bed":18,"minecraft:white_bed":21,"minecraft:campfire":2,"minecraft:oak_log":9,"minecraft:piston":5,"minecraft:apple":5,"minecraft:acacia_sign":9,"minecraft:chicken":1,"minecraft:iron_pickaxe":670,"minecraft:acacia_fence_gate":2,"minecraft:stone_axe":336,"minecraft:cobblestone":585,"minecraft:white_banner":9,"minecraft:porkchop":5,"minecraft:bucket":150,"minecraft:pillager_spawn_egg":2},"minecraft:picked_up":{"minecraft:iron_chestplate":1,"minecraft:wheat":8,"minecraft:chainmail_boots":12,"minecraft:nether_brick_fence":3,"minecraft:lead":72,"minecraft:golden_sword":1,"minecraft:amethyst_block":7,"minecraft:string":14,"minecraft:iron_leggings":2,"minecraft:shroomlight":1,"minecraft:cobbled_deepslate":105,"minecraft:gold_nugget":4,"minecraft:smooth_stone":2,"minecraft:bucket":5,"minecraft:acacia_sign":1,"minecraft:cobblestone_slab":19,"minecraft:calcite":6,"minecraft:tipped_arrow":7,"minecraft:stick":201,"minecraft:acacia_fence":52,"minecraft:composter":13,"minecraft:oak_fence":25,"minecraft:torch":1,"minecraft:acacia_log":237,"minecraft:porkchop":5,"minecraft:diorite":13,"minecraft:orange_bed":19,"minecraft:light_gray_bed":12,"minecraft:rotten_flesh":58,"minecraft:iron_block":28,"minecraft:armadillo_scute":14,"minecraft:bookshelf":1,"minecraft:blaze_rod":2,"minecraft:obsidian":1,"minecraft:cobblestone":728,"minecraft:birch_log":36,"minecraft:feather":1,"minecraft:repeater":4,"minecraft:andesite":6,"minecraft:jungle_log":6,"minecraft:brown_wool":9,"minecraft:potato":16,"minecraft:flint":8,"minecraft:acacia_boat":38,"minecraft:dirt":789,"minecraft:name_tag":2,"minecraft:glass":40,"minecraft:bone":27,"minecraft:acacia_planks":70,"minecraft:bow":1,"minecraft:stonecutter":2,"minecraft:wheat_seeds":75,"minecraft:bell":21,"minecraft:grindstone":1,"minecraft:fletching_table":2,"minecraft:oak_planks":34,"minecraft:warped_wart_block":3,"minecraft:sand":113,"minecraft:nether_brick_stairs":2,"minecraft:diamond":7,"minecraft:lever":1,"minecraft:crossbow":6,"minecraft:granite":18,"minecraft:emerald":36,"minecraft:chainmail_helmet":12,"minecraft:music_disc_precipice":1,"minecraft:oak_sapling":40,"minecraft:netherrack":307,"minecraft:dark_oak_fence":4,"minecraft:oak_leaves":126,"minecraft:waxed_oxidized_cut_copper":1,"minecraft:crafting_table":16,"minecraft:ominous_bottle":4,"minecraft:chicken":1,"minecraft:ladder":6,"minecraft:brick":8,"minecraft:shield":1,"minecraft:wind_charge":3,"minecraft:red_bed":18,"minecraft:iron_axe":5,"minecraft:white_carpet":4,"minecraft:cartography_table":3,"minecraft:beef":1,"minecraft:oak_boat":23,"minecraft:observer":9,"minecraft:iron_nugget":26,"minecraft:poppy":1,"minecraft:light_gray_wool":5,"minecraft:lectern":49,"minecraft:birch_sapling":4,"minecraft:piston":2,"minecraft:phantom_membrane":1,"minecraft:egg":17,"minecraft:raw_iron":25,"minecraft:note_block":3,"minecraft:stone_button":1,"minecraft:carrot":82,"minecraft:redstone":32,"minecraft:waxed_oxidized_chiseled_copper":1,"minecraft:arrow":67,"minecraft:decorated_pot":8,"minecraft:beetroot_seeds":1,"minecraft:nether_bricks":25,"minecraft:hay_block":91,"minecraft:saddle":4,"minecraft:oak_chest_boat":1,"minecraft:tuff_bricks":5,"minecraft:mutton":19,"minecraft:white_wool":94,"minecraft:leather":10,"minecraft:birch_planks":10,"minecraft:oak_log":198,"minecraft:waxed_copper_block":3,"minecraft:gunpowder":11,"minecraft:white_banner":14,"minecraft:apple":6,"minecraft:stone_bricks":1,"minecraft:oak_fence_gate":1,"minecraft:iron_ingot":943,"minecraft:stone_pickaxe":2,"minecraft:iron_sword":2,"minecraft:acacia_sapling":37,"minecraft:smooth_basalt":3,"minecraft:warped_fungus":1,"minecraft:daylight_detector":10,"minecraft:quartz":27,"minecraft:gravel":18,"minecraft:blast_furnace":1,"minecraft:white_bed":6,"minecraft:spider_eye":1,"minecraft:polished_tuff":2,"minecraft:stone_axe":1,"minecraft:diamond_axe":1,"minecraft:gray_wool":2,"minecraft:warped_roots":7,"minecraft:warped_nylium":15,"minecraft:coal":126,"minecraft:ender_pearl":12},"minecraft:mined":{"minecraft:white_bed":6,"minecraft:jungle_leaves":3,"minecraft:granite":17,"minecraft:acacia_log":236,"minecraft:grass_block":216,"minecraft:brown_wool":9,"minecraft:jungle_log":6,"minecraft:light_gray_bed":12,"minecraft:composter":13,"minecraft:tuff_bricks":5,"minecraft:iron_ore":23,"minecraft:fire":14,"minecraft:polished_tuff":2,"minecraft:fletching_table":2,"minecraft:nether_brick_stairs":1,"minecraft:tripwire":3,"minecraft:orange_bed":19,"minecraft:red_bed":18,"minecraft:blast_furnace":1,"minecraft:calcite":6,"minecraft:nether_quartz_ore":18,"minecraft:cobblestone":116,"minecraft:grindstone":1,"minecraft:wall_torch":1,"minecraft:amethyst_block":7,"minecraft:warped_nylium":6,"minecraft:acacia_sapling":1,"minecraft:birch_log":36,"minecraft:wheat":38,"minecraft:waxed_copper_block":3,"minecraft:oak_log":198,"minecraft:beetroots":4,"minecraft:oak_fence_gate":1,"minecraft:acacia_fence":2,"minecraft:sand":114,"minecraft:dirt":456,"minecraft:smooth_basalt":3,"minecraft:acacia_sign":1,"minecraft:stonecutter":1,"minecraft:netherrack":257,"minecraft:daylight_detector":1,"minecraft:piston":2,"minecraft:oak_leaves":181,"minecraft:deepslate":42,"minecraft:deepslate_diamond_ore":5,"minecraft:waxed_oxidized_chiseled_copper":1,"minecraft:glow_lichen":3,"minecraft:nether_bricks":23,"minecraft:dark_oak_fence":8,"minecraft:decorated_pot":11,"minecraft:redstone_wire":1,"minecraft:cartography_table":3,"minecraft:hay_block":69,"minecraft:waxed_oxidized_cut_copper":1,"minecraft:carrots":46,"minecraft:andesite":6,"minecraft:bell":20,"minecraft:nether_brick_fence":3,"minecraft:potatoes":17,"minecraft:shroomlight":1,"minecraft:cobblestone_slab":6,"minecraft:vine":5,"minecraft:stone":229,"minecraft:acacia_leaves":77,"minecraft:observer":10,"minecraft:oak_fence":5,"minecraft:crafting_table":16,"minecraft:short_grass":283,"minecraft:warped_roots":2,"minecraft:lectern":49,"minecraft:campfire":2,"minecraft:tall_grass":25,"minecraft:diorite":11,"minecraft:warped_wart_block":2,"minecraft:birch_planks":10,"minecraft:white_carpet":2,"minecraft:birch_leaves":6,"minecraft:white_wall_banner":1,"minecraft:coal_ore":126,"minecraft:gravel":24,"minecraft:cobweb":1,"minecraft:fern":4},"minecraft:custom":{"minecraft:animals_bred":2,"minecraft:interact_with_crafting_table":118,"minecraft:open_barrel":1,"minecraft:bell_ring":728,"minecraft:leave_game":32,"minecraft:time_since_death":9109,"minecraft:sprint_one_cm":2235410,"minecraft:damage_blocked_by_shield":2827,"minecraft:drop":237,"minecraft:talked_to_villager":436,"minecraft:play_time":1116449,"minecraft:deaths":44,"minecraft:jump":18330,"minecraft:walk_on_water_one_cm":220369,"minecraft:interact_with_furnace":133,"minecraft:traded_with_villager":199,"minecraft:interact_with_cartography_table":1,"minecraft:sleep_in_bed":52,"minecraft:damage_dealt":56356,"minecraft:player_kills":3,"minecraft:crouch_one_cm":125653,"minecraft:inspect_dispenser":1,"minecraft:horse_one_cm":1769627,"minecraft:interact_with_anvil":2,"minecraft:mob_kills":271,"minecraft:inspect_hopper":17,"minecraft:climb_one_cm":19885,"minecraft:walk_one_cm":1759620,"minecraft:raid_win":2,"minecraft:sneak_time":49748,"minecraft:walk_under_water_one_cm":91331,"minecraft:boat_one_cm":215214,"minecraft:interact_with_blast_furnace":8,"minecraft:total_world_time":1116449,"minecraft:raid_trigger":1,"minecraft:interact_with_grindstone":6,"minecraft:time_since_rest":7343,"minecraft:damage_taken":19418,"minecraft:swim_one_cm":507436,"minecraft:fly_one_cm":3228884,"minecraft:open_chest":460,"minecraft:fall_one_cm":545870},"minecraft:dropped":{"minecraft:iron_sword":2,"minecraft:oak_log":17,"minecraft:crossbow":1,"minecraft:saddle":1,"minecraft:flint":5,"minecraft:emerald":65,"minecraft:dirt":66,"minecraft:dark_oak_fence":4,"minecraft:mutton":5,"minecraft:gold_nugget":1,"minecraft:sand":9,"minecraft:iron_pickaxe":1,"minecraft:fishing_rod":1,"minecraft:bone":3,"minecraft:gravel":6,"minecraft:pillager_spawn_egg":1,"minecraft:wheat":5,"minecraft:rotten_flesh":7,"minecraft:carrot":3,"minecraft:poppy":1417,"minecraft:gunpowder":10,"minecraft:chainmail_boots":24,"minecraft:ladder":1,"minecraft:arrow":2,"minecraft:glass":33,"minecraft:warped_wart_block":1,"minecraft:quartz":70,"minecraft:acacia_fence":3,"minecraft:oak_leaves":63,"minecraft:netherrack":3,"minecraft:bread":69,"minecraft:golden_boots":1,"minecraft:iron_ingot":1841,"minecraft:wheat_seeds":28,"minecraft:bookshelf":1,"minecraft:cobblestone":129,"minecraft:lead":3,"minecraft:granite":4,"minecraft:acacia_log":30,"minecraft:chainmail_helmet":18,"minecraft:stick":1365,"minecraft:diorite":3,"minecraft:iron_leggings":3,"minecraft:armadillo_scute":1,"minecraft:stonecutter":1,"minecraft:string":9,"minecraft:bucket":1,"minecraft:acacia_planks":7,"minecraft:iron_boots":6,"minecraft:name_tag":2,"minecraft:shield":2,"minecraft:diamond_pickaxe":1,"minecraft:iron_chestplate":2,"minecraft:stone_pickaxe":2},"minecraft:killed":{"minecraft:zombified_piglin":10,"minecraft:spider":7,"minecraft:skeleton":25,"minecraft:chicken":1,"minecraft:magma_cube":13,"minecraft:pig":1,"minecraft:zombie_villager":1,"minecraft:iron_golem":1,"minecraft:creeper":5,"minecraft:sheep":12,"minecraft:trader_llama":3,"minecraft:pillager":59,"minecraft:zombie":53,"minecraft:cow":1,"minecraft:blaze":2,"minecraft:armadillo":1,"minecraft:vindicator":7,"minecraft:phantom":1,"minecraft:horse":1,"minecraft:drowned":1,"minecraft:wandering_trader":2,"minecraft:ravager":3,"minecraft:wither_skeleton":2,"minecraft:villager":19,"minecraft:enderman":24}},"DataVersion":3953}