{"stats":{"minecraft:dropped":{"minecraft:oak_log":1,"minecraft:dirt":2,"minecraft:diorite":3,"minecraft:string":8,"minecraft:wheat":3,"minecraft:arrow":2},"minecraft:picked_up":{"minecraft:crafting_table":8,"minecraft:wheat":7,"minecraft:chicken":1,"minecraft:wind_charge":3,"minecraft:string":9,"minecraft:iron_axe":2,"minecraft:cartography_table":1,"minecraft:beef":1,"minecraft:iron_nugget":26,"minecraft:egg":5,"minecraft:raw_iron":22,"minecraft:tipped_arrow":7,"minecraft:stick":5,"minecraft:composter":13,"minecraft:torch":1,"minecraft:acacia_log":60,"minecraft:porkchop":2,"minecraft:diorite":3,"minecraft:carrot":61,"minecraft:orange_bed":1,"minecraft:rotten_flesh":13,"minecraft:arrow":13,"minecraft:beetroot_seeds":1,"minecraft:hay_block":91,"minecraft:armadillo_scute":3,"minecraft:mutton":11,"minecraft:cobblestone":27,"minecraft:white_wool":9,"minecraft:birch_log":5,"minecraft:feather":1,"minecraft:jungle_log":6,"minecraft:leather":3,"minecraft:potato":12,"minecraft:birch_planks":5,"minecraft:oak_log":3,"minecraft:dirt":160,"minecraft:bone":6,"minecraft:bow":1,"minecraft:wheat_seeds":37,"minecraft:oak_fence_gate":1,"minecraft:iron_ingot":8,"minecraft:acacia_sapling":11,"minecraft:white_bed":1,"minecraft:spider_eye":1,"minecraft:crossbow":1,"minecraft:diamond_axe":1,"minecraft:granite":4,"minecraft:emerald":2,"minecraft:music_disc_precipice":1,"minecraft:oak_sapling":1},"minecraft:killed":{"minecraft:armadillo":1,"minecraft:spider":2,"minecraft:horse":1,"minecraft:skeleton":5,"minecraft:chicken":1,"minecraft:drowned":1,"minecraft:pig":1,"minecraft:creeper":1,"minecraft:sheep":9,"minecraft:zombie":15,"minecraft:cow":1},"minecraft:broken":{"minecraft:stone_axe":1},"minecraft:custom":{"minecraft:mob_kills":39,"minecraft:interact_with_crafting_table":20,"minecraft:leave_game":4,"minecraft:time_since_death":26757,"minecraft:climb_one_cm":1286,"minecraft:sprint_one_cm":269492,"minecraft:walk_one_cm":188208,"minecraft:drop":8,"minecraft:talked_to_villager":25,"minecraft:play_time":105343,"minecraft:deaths":6,"minecraft:sneak_time":4254,"minecraft:walk_under_water_one_cm":9756,"minecraft:boat_one_cm":10038,"minecraft:jump":2516,"minecraft:walk_on_water_one_cm":17136,"minecraft:total_world_time":105343,"minecraft:interact_with_furnace":14,"minecraft:traded_with_villager":6,"minecraft:interact_with_cartography_table":1,"minecraft:sleep_in_bed":6,"minecraft:time_since_rest":12206,"minecraft:damage_taken":2379,"minecraft:damage_dealt":6071,"minecraft:swim_one_cm":48472,"minecraft:fly_one_cm":468827,"minecraft:open_chest":5,"minecraft:crouch_one_cm":10140,"minecraft:fall_one_cm":85715,"minecraft:horse_one_cm":105001},"minecraft:killed_by":{"minecraft:drowned":1,"minecraft:skeleton":2,"minecraft:zombie":2},"minecraft:crafted":{"minecraft:oak_planks":4,"minecraft:stone_shovel":1,"minecraft:furnace":2,"minecraft:bone_meal":9,"minecraft:stone_pickaxe":1,"minecraft:stone_hoe":1,"minecraft:wheat":807,"minecraft:emerald":6,"minecraft:crafting_table":3,"minecraft:acacia_slab":18,"minecraft:wooden_pickaxe":1,"minecraft:bucket":1,"minecraft:birch_planks":20,"minecraft:stone_axe":1,"minecraft:bread":209,"minecraft:air":0,"minecraft:charcoal":7,"minecraft:stick":12,"minecraft:iron_ingot":2,"minecraft:wooden_axe":1,"minecraft:stone_sword":1,"minecraft:white_bed":1,"minecraft:composter":2,"minecraft:acacia_planks":20},"minecraft:used":{"minecraft:stone_sword":71,"minecraft:acacia_log":41,"minecraft:stone_shovel":94,"minecraft:stone_hoe":130,"minecraft:trial_key":5,"minecraft:torch":1,"minecraft:dirt":152,"minecraft:mutton":7,"minecraft:crafter":1,"minecraft:carrot":61,"minecraft:acacia_sapling":3,"minecraft:granite":4,"minecraft:oak_fence_gate":1,"minecraft:wooden_axe":10,"minecraft:acacia_slab":1,"minecraft:vault":6,"minecraft:furnace":2,"minecraft:oak_sapling":1,"minecraft:beetroot_seeds":1,"minecraft:egg":5,"minecraft:potato":6,"minecraft:acacia_planks":4,"minecraft:wheat_seeds":36,"minecraft:water_bucket":1,"minecraft:birch_planks":5,"minecraft:stone_pickaxe":65,"minecraft:wooden_pickaxe":3,"minecraft:composter":15,"minecraft:crafting_table":9,"minecraft:white_bed":2,"minecraft:chicken":1,"minecraft:bread":25,"minecraft:string":1,"minecraft:stone_axe":102,"minecraft:porkchop":2,"minecraft:bucket":1,"minecraft:bone_meal":9},"minecraft:mined":{"minecraft:white_bed":1,"minecraft:jungle_leaves":3,"minecraft:granite":4,"minecraft:acacia_log":60,"minecraft:grass_block":82,"minecraft:jungle_log":6,"minecraft:cartography_table":1,"minecraft:composter":13,"minecraft:hay_block":69,"minecraft:carrots":38,"minecraft:iron_ore":22,"minecraft:potatoes":13,"minecraft:vine":1,"minecraft:stone":27,"minecraft:tripwire":1,"minecraft:orange_bed":1,"minecraft:acacia_leaves":9,"minecraft:crafting_table":8,"minecraft:short_grass":54,"minecraft:tall_grass":4,"minecraft:wall_torch":1,"minecraft:birch_planks":5,"minecraft:birch_log":5,"minecraft:wheat":32,"minecraft:birch_leaves":1,"minecraft:oak_log":2,"minecraft:beetroots":3,"minecraft:oak_fence_gate":1,"minecraft:dirt":53,"minecraft:oak_leaves":11,"minecraft:fern":1}},"DataVersion":3953}