{"stats":{"minecraft:mined":{"minecraft:white_bed":6,"minecraft:jungle_leaves":3,"minecraft:dark_oak_fence":8,"minecraft:glow_lichen":3,"minecraft:granite":4,"minecraft:acacia_log":166,"minecraft:grass_block":99,"minecraft:brown_wool":9,"minecraft:jungle_log":6,"minecraft:light_gray_bed":12,"minecraft:cartography_table":2,"minecraft:composter":13,"minecraft:hay_block":69,"minecraft:carrots":43,"minecraft:iron_ore":23,"minecraft:fire":1,"minecraft:bell":17,"minecraft:shroomlight":1,"minecraft:potatoes":13,"minecraft:vine":5,"minecraft:stone":39,"minecraft:tripwire":3,"minecraft:orange_bed":19,"minecraft:acacia_leaves":50,"minecraft:red_bed":18,"minecraft:oak_fence":2,"minecraft:crafting_table":11,"minecraft:short_grass":144,"minecraft:nether_quartz_ore":15,"minecraft:tall_grass":8,"minecraft:cobblestone":82,"minecraft:wall_torch":1,"minecraft:birch_planks":10,"minecraft:warped_nylium":1,"minecraft:acacia_sapling":1,"minecraft:birch_log":5,"minecraft:wheat":32,"minecraft:white_carpet":2,"minecraft:birch_leaves":3,"minecraft:oak_log":17,"minecraft:coal_ore":44,"minecraft:beetroots":3,"minecraft:oak_fence_gate":1,"minecraft:acacia_fence":2,"minecraft:gravel":7,"minecraft:sand":111,"minecraft:dirt":244,"minecraft:acacia_sign":1,"minecraft:netherrack":7,"minecraft:daylight_detector":1,"minecraft:oak_leaves":41,"minecraft:fern":3},"minecraft:used":{"minecraft:oak_fence":8,"minecraft:stone_sword":311,"minecraft:acacia_log":55,"minecraft:stone_shovel":212,"minecraft:chest":5,"minecraft:shield":49,"minecraft:bell":18,"minecraft:netherrack":3,"minecraft:stone_hoe":135,"minecraft:trial_key":5,"minecraft:orange_bed":19,"minecraft:torch":13,"minecraft:dirt":392,"minecraft:mutton":7,"minecraft:white_carpet":28,"minecraft:hopper":2,"minecraft:crafter":1,"minecraft:carrot":67,"minecraft:acacia_sapling":12,"minecraft:granite":4,"minecraft:oak_fence_gate":1,"minecraft:glass":239,"minecraft:wooden_axe":61,"minecraft:lava_bucket":20,"minecraft:villager_spawn_egg":11,"minecraft:acacia_slab":2,"minecraft:vault":6,"minecraft:goat_horn":12,"minecraft:oak_sapling":6,"minecraft:furnace":2,"minecraft:beetroot_seeds":1,"minecraft:acacia_fence":53,"minecraft:egg":12,"minecraft:potato":6,"minecraft:acacia_planks":4,"minecraft:light_gray_bed":13,"minecraft:oak_chest_boat":1,"minecraft:wheat_seeds":36,"minecraft:acacia_boat":10,"minecraft:water_bucket":31,"minecraft:birch_planks":10,"minecraft:acacia_trapdoor":3,"minecraft:stone_pickaxe":284,"minecraft:wooden_pickaxe":3,"minecraft:composter":15,"minecraft:crafting_table":14,"minecraft:red_bed":18,"minecraft:white_bed":21,"minecraft:daylight_detector":9,"minecraft:acacia_sign":9,"minecraft:chicken":1,"minecraft:string":28,"minecraft:bread":137,"minecraft:brown_wool":9,"minecraft:acacia_fence_gate":2,"minecraft:stone_axe":269,"minecraft:cobblestone":341,"minecraft:porkchop":2,"minecraft:bucket":51,"minecraft:chain":8,"minecraft:oak_boat":15,"minecraft:bone_meal":16},"minecraft:custom":{"minecraft:mob_kills":128,"minecraft:animals_bred":2,"minecraft:inspect_hopper":1,"minecraft:interact_with_crafting_table":67,"minecraft:bell_ring":644,"minecraft:leave_game":11,"minecraft:time_since_death":87179,"minecraft:climb_one_cm":7809,"minecraft:sprint_one_cm":1025354,"minecraft:damage_blocked_by_shield":1192,"minecraft:walk_one_cm":733745,"minecraft:drop":38,"minecraft:talked_to_villager":30,"minecraft:play_time":506347,"minecraft:sneak_time":31982,"minecraft:deaths":14,"minecraft:walk_under_water_one_cm":42132,"minecraft:boat_one_cm":113315,"minecraft:jump":8999,"minecraft:walk_on_water_one_cm":124038,"minecraft:total_world_time":506347,"minecraft:interact_with_furnace":92,"minecraft:traded_with_villager":6,"minecraft:interact_with_cartography_table":1,"minecraft:sleep_in_bed":21,"minecraft:time_since_rest":67482,"minecraft:damage_taken":8853,"minecraft:damage_dealt":22772,"minecraft:swim_one_cm":278132,"minecraft:fly_one_cm":1632312,"minecraft:player_kills":1,"minecraft:open_chest":101,"minecraft:crouch_one_cm":83279,"minecraft:fall_one_cm":272564,"minecraft:horse_one_cm":951466},"minecraft:picked_up":{"minecraft:crafting_table":11,"minecraft:wheat":7,"minecraft:chicken":1,"minecraft:lead":26,"minecraft:wind_charge":3,"minecraft:red_bed":18,"minecraft:string":13,"minecraft:iron_axe":2,"minecraft:white_carpet":4,"minecraft:shroomlight":1,"minecraft:gold_nugget":1,"minecraft:cartography_table":2,"minecraft:bucket":1,"minecraft:beef":1,"minecraft:acacia_sign":1,"minecraft:oak_boat":16,"minecraft:iron_nugget":26,"minecraft:light_gray_wool":5,"minecraft:egg":12,"minecraft:tipped_arrow":7,"minecraft:stick":18,"minecraft:raw_iron":24,"minecraft:acacia_fence":52,"minecraft:composter":13,"minecraft:oak_fence":22,"minecraft:torch":1,"minecraft:acacia_log":166,"minecraft:porkchop":2,"minecraft:diorite":3,"minecraft:carrot":79,"minecraft:light_gray_bed":12,"minecraft:orange_bed":19,"minecraft:rotten_flesh":52,"minecraft:arrow":27,"minecraft:beetroot_seeds":1,"minecraft:hay_block":91,"minecraft:armadillo_scute":12,"minecraft:mutton":19,"minecraft:white_wool":94,"minecraft:cobblestone":128,"minecraft:birch_log":5,"minecraft:feather":1,"minecraft:jungle_log":6,"minecraft:brown_wool":9,"minecraft:leather":6,"minecraft:potato":12,"minecraft:birch_planks":10,"minecraft:flint":1,"minecraft:oak_log":18,"minecraft:acacia_boat":6,"minecraft:gunpowder":7,"minecraft:dirt":411,"minecraft:name_tag":2,"minecraft:glass":3,"minecraft:bone":18,"minecraft:acacia_planks":51,"minecraft:apple":2,"minecraft:bow":1,"minecraft:wheat_seeds":50,"minecraft:stone_pickaxe":1,"minecraft:bell":18,"minecraft:oak_fence_gate":1,"minecraft:iron_ingot":32,"minecraft:acacia_sapling":26,"minecraft:daylight_detector":10,"minecraft:quartz":22,"minecraft:gravel":6,"minecraft:sand":111,"minecraft:white_bed":6,"minecraft:spider_eye":1,"minecraft:granite":4,"minecraft:crossbow":1,"minecraft:diamond_axe":1,"minecraft:gray_wool":2,"minecraft:emerald":2,"minecraft:music_disc_precipice":1,"minecraft:dark_oak_fence":4,"minecraft:oak_sapling":6,"minecraft:netherrack":6,"minecraft:coal":44},"minecraft:dropped":{"minecraft:golden_boots":1,"minecraft:iron_ingot":8,"minecraft:bread":64,"minecraft:wheat_seeds":4,"minecraft:oak_log":17,"minecraft:lead":1,"minecraft:acacia_log":29,"minecraft:stick":1,"minecraft:dirt":2,"minecraft:diorite":3,"minecraft:dark_oak_fence":4,"minecraft:mutton":3,"minecraft:gold_nugget":1,"minecraft:string":9,"minecraft:fishing_rod":1,"minecraft:bucket":1,"minecraft:acacia_planks":5,"minecraft:bone":3,"minecraft:wheat":3,"minecraft:rotten_flesh":5,"minecraft:name_tag":1,"minecraft:gunpowder":6,"minecraft:arrow":2,"minecraft:glass":33,"minecraft:quartz":37,"minecraft:acacia_fence":2,"minecraft:netherrack":3},"minecraft:killed_by":{"minecraft:creeper":1,"minecraft:enderman":1,"minecraft:drowned":1,"minecraft:skeleton":2,"minecraft:zombie":5},"minecraft:broken":{"minecraft:stone_sword":2,"minecraft:stone_pickaxe":2,"minecraft:stone_axe":2,"minecraft:wooden_axe":1,"minecraft:stone_shovel":1},"minecraft:killed":{"minecraft:armadillo":1,"minecraft:spider":6,"minecraft:skeleton":16,"minecraft:horse":1,"minecraft:chicken":1,"minecraft:drowned":1,"minecraft:pig":1,"minecraft:zombie_villager":1,"minecraft:creeper":3,"minecraft:sheep":12,"minecraft:pillager":22,"minecraft:zombie":39,"minecraft:villager":10,"minecraft:cow":1},"minecraft:crafted":{"minecraft:oak_planks":4,"minecraft:stone_shovel":3,"minecraft:fishing_rod":1,"minecraft:wolf_armor":1,"minecraft:furnace":2,"minecraft:acacia_fence_gate":2,"minecraft:bone_meal":18,"minecraft:white_carpet":24,"minecraft:glass":309,"minecraft:hopper":4,"minecraft:stone_pickaxe":2,"minecraft:chest":10,"minecraft:acacia_fence":3,"minecraft:stone_hoe":1,"minecraft:wheat":807,"minecraft:emerald":6,"minecraft:crafting_table":5,"minecraft:acacia_slab":18,"minecraft:wooden_pickaxe":1,"minecraft:acacia_trapdoor":4,"minecraft:bucket":1,"minecraft:birch_planks":20,"minecraft:stone_axe":3,"minecraft:acacia_boat":5,"minecraft:bread":209,"minecraft:air":0,"minecraft:light_gray_bed":1,"minecraft:oak_chest_boat":1,"minecraft:iron_chestplate":1,"minecraft:charcoal":7,"minecraft:acacia_sign":24,"minecraft:shield":1,"minecraft:stick":36,"minecraft:iron_ingot":23,"minecraft:wooden_axe":1,"minecraft:stone_sword":3,"minecraft:iron_leggings":1,"minecraft:white_bed":15,"minecraft:composter":2,"minecraft:acacia_planks":272,"minecraft:torch":12,"minecraft:shears":1}},"DataVersion":3953}