{"stats":{"minecraft:killed":{"minecraft:zombified_piglin":11,"minecraft:spider":8,"minecraft:shulker":19,"minecraft:skeleton":25,"minecraft:chicken":3,"minecraft:silverfish":1,"minecraft:magma_cube":17,"minecraft:pig":3,"minecraft:zombie_villager":1,"minecraft:iron_golem":1,"minecraft:creeper":6,"minecraft:sheep":12,"minecraft:trader_llama":3,"minecraft:pillager":59,"minecraft:zombie":54,"minecraft:blaze":2,"minecraft:cow":2,"minecraft:armadillo":1,"minecraft:vindicator":7,"minecraft:phantom":1,"minecraft:horse":1,"minecraft:drowned":2,"minecraft:wandering_trader":2,"minecraft:ravager":3,"minecraft:wither_skeleton":7,"minecraft:villager":19,"minecraft:enderman":28},"minecraft:used":{"minecraft:ladder":5,"minecraft:decorated_pot":1,"minecraft:chest":27,"minecraft:shield":97,"minecraft:iron_sword":683,"minecraft:bell":21,"minecraft:rotten_flesh":36,"minecraft:mutton":7,"minecraft:waxed_oxidized_chiseled_copper":1,"minecraft:nether_bricks":11,"minecraft:crafter":1,"minecraft:carrot":73,"minecraft:acacia_sapling":23,"minecraft:obsidian":11,"minecraft:glass":249,"minecraft:lava_bucket":46,"minecraft:villager_spawn_egg":11,"minecraft:birch_sapling":4,"minecraft:warped_nylium":7,"minecraft:iron_helmet":1,"minecraft:repeater":4,"minecraft:vault":6,"minecraft:ominous_bottle":1,"minecraft:oak_sapling":37,"minecraft:furnace":2,"minecraft:beetroot_seeds":1,"minecraft:acacia_fence":99,"minecraft:egg":26,"minecraft:potato":10,"minecraft:oak_chest_boat":2,"minecraft:stone_pickaxe":379,"minecraft:acacia_trapdoor":7,"minecraft:chorus_fruit":4,"minecraft:ender_pearl":18,"minecraft:wooden_pickaxe":3,"minecraft:composter":15,"minecraft:chainmail_helmet":1,"minecraft:oak_leaves":52,"minecraft:sand":1,"minecraft:blast_furnace":2,"minecraft:crossbow":38,"minecraft:note_block":3,"minecraft:end_stone":11,"minecraft:shears":95,"minecraft:lever":1,"minecraft:stone_button":1,"minecraft:daylight_detector":10,"minecraft:string":28,"minecraft:bread":211,"minecraft:brown_wool":9,"minecraft:lectern":50,"minecraft:gravel":6,"minecraft:andesite":3,"minecraft:chain":8,"minecraft:oak_boat":22,"minecraft:grindstone":1,"minecraft:bone_meal":16,"minecraft:smithing_table":1,"minecraft:golden_pickaxe":32,"minecraft:oak_fence":11,"minecraft:stone_sword":510,"minecraft:flint_and_steel":4,"minecraft:acacia_log":55,"minecraft:stone_shovel":212,"minecraft:redstone":4,"minecraft:trial_key":5,"minecraft:stone_hoe":135,"minecraft:netherrack":327,"minecraft:orange_bed":19,"minecraft:torch":14,"minecraft:dirt":679,"minecraft:warped_wart_block":1,"minecraft:anvil":2,"minecraft:white_carpet":28,"minecraft:hopper":12,"minecraft:shulker_box":7,"minecraft:granite":8,"minecraft:oak_fence_gate":1,"minecraft:wooden_axe":61,"minecraft:iron_axe":302,"minecraft:acacia_slab":2,"minecraft:smooth_basalt":3,"minecraft:basalt":8,"minecraft:beef":3,"minecraft:goat_horn":26,"minecraft:cobbled_deepslate":90,"minecraft:acacia_planks":4,"minecraft:observer":18,"minecraft:light_gray_bed":13,"minecraft:wheat_seeds":37,"minecraft:acacia_boat":40,"minecraft:water_bucket":134,"minecraft:birch_planks":10,"minecraft:cartography_table":1,"minecraft:stonecutter":1,"minecraft:fletching_table":3,"minecraft:cobblestone_slab":14,"minecraft:warped_roots":2,"minecraft:crafting_table":18,"minecraft:red_bed":18,"minecraft:white_bed":21,"minecraft:campfire":2,"minecraft:warped_planks":28,"minecraft:oak_log":9,"minecraft:piston":5,"minecraft:ender_eye":10,"minecraft:diamond_pickaxe":343,"minecraft:apple":6,"minecraft:acacia_sign":9,"minecraft:chicken":3,"minecraft:iron_pickaxe":2470,"minecraft:acacia_fence_gate":2,"minecraft:stone_axe":397,"minecraft:cobblestone":622,"minecraft:white_banner":9,"minecraft:porkchop":9,"minecraft:bucket":157,"minecraft:pillager_spawn_egg":2,"minecraft:diamond_leggings":1},"minecraft:custom":{"minecraft:animals_bred":4,"minecraft:interact_with_crafting_table":131,"minecraft:open_barrel":1,"minecraft:open_shulker_box":18,"minecraft:bell_ring":728,"minecraft:leave_game":39,"minecraft:time_since_death":18263,"minecraft:sprint_one_cm":2629921,"minecraft:damage_blocked_by_shield":2862,"minecraft:drop":288,"minecraft:talked_to_villager":446,"minecraft:play_time":1281554,"minecraft:deaths":60,"minecraft:jump":21266,"minecraft:interact_with_brewingstand":1,"minecraft:walk_on_water_one_cm":238728,"minecraft:interact_with_furnace":156,"minecraft:traded_with_villager":199,"minecraft:interact_with_cartography_table":1,"minecraft:sleep_in_bed":60,"minecraft:open_enderchest":1,"minecraft:damage_dealt":65945,"minecraft:player_kills":3,"minecraft:crouch_one_cm":146830,"minecraft:inspect_dispenser":1,"minecraft:horse_one_cm":1769653,"minecraft:interact_with_smithing_table":1,"minecraft:interact_with_anvil":2,"minecraft:mob_kills":317,"minecraft:inspect_hopper":22,"minecraft:climb_one_cm":24926,"minecraft:walk_one_cm":2044732,"minecraft:raid_win":2,"minecraft:sneak_time":60036,"minecraft:walk_under_water_one_cm":101782,"minecraft:boat_one_cm":227513,"minecraft:interact_with_blast_furnace":24,"minecraft:total_world_time":1281554,"minecraft:raid_trigger":1,"minecraft:interact_with_stonecutter":9,"minecraft:interact_with_grindstone":8,"minecraft:time_since_rest":18084,"minecraft:damage_taken":24790,"minecraft:swim_one_cm":562861,"minecraft:fly_one_cm":3899650,"minecraft:open_chest":561,"minecraft:fall_one_cm":637812},"minecraft:dropped":{"minecraft:iron_sword":2,"minecraft:birch_planks":8,"minecraft:oak_log":17,"minecraft:crossbow":1,"minecraft:saddle":1,"minecraft:flint":6,"minecraft:emerald":65,"minecraft:dirt":67,"minecraft:dark_oak_fence":4,"minecraft:mutton":5,"minecraft:gold_nugget":1,"minecraft:sand":9,"minecraft:iron_pickaxe":1,"minecraft:fishing_rod":1,"minecraft:bone":3,"minecraft:gravel":9,"minecraft:blackstone":55,"minecraft:pillager_spawn_egg":1,"minecraft:cobbled_deepslate":5,"minecraft:wheat":5,"minecraft:rotten_flesh":8,"minecraft:carrot":3,"minecraft:poppy":1673,"minecraft:gunpowder":10,"minecraft:chainmail_boots":24,"minecraft:ladder":1,"minecraft:glass":33,"minecraft:arrow":2,"minecraft:warped_wart_block":2,"minecraft:quartz":71,"minecraft:oak_leaves":63,"minecraft:acacia_fence":3,"minecraft:netherrack":1457,"minecraft:bread":69,"minecraft:golden_boots":1,"minecraft:iron_ingot":1841,"minecraft:wheat_seeds":28,"minecraft:bookshelf":1,"minecraft:cobblestone":161,"minecraft:lead":3,"minecraft:granite":4,"minecraft:acacia_log":30,"minecraft:chainmail_helmet":18,"minecraft:stick":1365,"minecraft:diorite":3,"minecraft:torch":1,"minecraft:iron_door":2,"minecraft:iron_leggings":4,"minecraft:armadillo_scute":1,"minecraft:stonecutter":1,"minecraft:string":11,"minecraft:bucket":1,"minecraft:acacia_planks":8,"minecraft:iron_boots":7,"minecraft:name_tag":2,"minecraft:shulker_box":2,"minecraft:shield":2,"minecraft:diamond_pickaxe":1,"minecraft:iron_chestplate":3,"minecraft:stone_pickaxe":2},"minecraft:broken":{"minecraft:golden_boots":1,"minecraft:stone_pickaxe":3,"minecraft:stone_axe":3,"minecraft:iron_sword":1,"minecraft:wooden_axe":1,"minecraft:stone_shovel":1,"minecraft:stone_sword":3,"minecraft:shield":1,"minecraft:iron_axe":1,"minecraft:iron_pickaxe":9,"minecraft:iron_helmet":1,"minecraft:golden_pickaxe":1},"minecraft:killed_by":{"minecraft:wither_skeleton":1,"minecraft:creeper":1,"minecraft:pillager":1,"minecraft:drowned":1,"minecraft:vindicator":3,"minecraft:blaze":1,"minecraft:zombie":6,"minecraft:spider":1,"minecraft:enderman":3,"minecraft:ender_dragon":3,"minecraft:shulker":1,"minecraft:skeleton":2},"minecraft:crafted":{"minecraft:smooth_stone":1,"minecraft:oak_planks":712,"minecraft:chainmail_helmet":6,"minecraft:cobblestone_slab":18,"minecraft:blaze_powder":4,"minecraft:wolf_armor":1,"minecraft:stone":65,"minecraft:lever":1,"minecraft:bookshelf":1,"minecraft:shulker_box":5,"minecraft:warped_planks":28,"minecraft:glass":325,"minecraft:hopper":12,"minecraft:repeater":4,"minecraft:diamond_leggings":1,"minecraft:iron_boots":17,"minecraft:stone_pressure_plate":6,"minecraft:chest":45,"minecraft:acacia_fence":3,"minecraft:stone_hoe":1,"minecraft:ender_eye":4,"minecraft:oak_slab":6,"minecraft:emerald":163,"minecraft:crafting_table":6,"minecraft:acacia_slab":18,"minecraft:wooden_pickaxe":1,"minecraft:iron_helmet":1,"minecraft:smithing_table":1,"minecraft:copper_ingot":9,"minecraft:fletching_table":1,"minecraft:birch_planks":144,"minecraft:campfire":2,"minecraft:light_gray_bed":1,"minecraft:lectern":1,"minecraft:iron_chestplate":2,"minecraft:book":2,"minecraft:diamond_pickaxe":2,"minecraft:paper":6,"minecraft:charcoal":7,"minecraft:shield":2,"minecraft:stick":1658,"minecraft:iron_ingot":2321,"minecraft:iron_pickaxe":10,"minecraft:iron_block":256,"minecraft:stone_sword":4,"minecraft:gold_ingot":16,"minecraft:gray_carpet":3,"minecraft:light_gray_carpet":3,"minecraft:redstone_torch":8,"minecraft:netherite_ingot":1,"minecraft:composter":2,"minecraft:shears":1,"minecraft:stone_shovel":3,"minecraft:fishing_rod":1,"minecraft:acacia_fence_gate":2,"minecraft:furnace":3,"minecraft:stone_button":10,"minecraft:blast_furnace":1,"minecraft:piston":3,"minecraft:bone_meal":18,"minecraft:white_carpet":30,"minecraft:stone_stairs":8,"minecraft:iron_axe":1,"minecraft:ladder":3,"minecraft:stone_pickaxe":2,"minecraft:netherite_scrap":5,"minecraft:wheat":807,"minecraft:iron_sword":3,"minecraft:acacia_trapdoor":8,"minecraft:bucket":1,"minecraft:stone_axe":4,"minecraft:bread":212,"minecraft:acacia_boat":5,"minecraft:air":0,"minecraft:oak_chest_boat":1,"minecraft:acacia_sign":24,"minecraft:chainmail_boots":12,"minecraft:wooden_axe":1,"minecraft:iron_leggings":2,"minecraft:white_bed":15,"minecraft:note_block":3,"minecraft:acacia_planks":532,"minecraft:torch":12},"minecraft:picked_up":{"minecraft:shulker_shell":11,"minecraft:iron_chestplate":1,"minecraft:wheat":8,"minecraft:chainmail_boots":12,"minecraft:nether_brick_fence":4,"minecraft:lead":72,"minecraft:golden_sword":1,"minecraft:amethyst_block":7,"minecraft:string":15,"minecraft:iron_leggings":2,"minecraft:shroomlight":1,"minecraft:smooth_stone":2,"minecraft:gold_nugget":8,"minecraft:cobbled_deepslate":162,"minecraft:bucket":5,"minecraft:acacia_sign":1,"minecraft:cobblestone_slab":19,"minecraft:calcite":6,"minecraft:tipped_arrow":7,"minecraft:stick":203,"minecraft:acacia_fence":52,"minecraft:composter":13,"minecraft:oak_fence":25,"minecraft:torch":3,"minecraft:acacia_log":237,"minecraft:porkchop":11,"minecraft:diorite":13,"minecraft:orange_bed":19,"minecraft:nether_gold_ore":16,"minecraft:light_gray_bed":12,"minecraft:rotten_flesh":62,"minecraft:iron_block":28,"minecraft:armadillo_scute":14,"minecraft:bookshelf":1,"minecraft:blaze_rod":2,"minecraft:obsidian":11,"minecraft:cobblestone":791,"minecraft:birch_log":36,"minecraft:magma_block":4,"minecraft:andesite":6,"minecraft:feather":3,"minecraft:magma_cream":1,"minecraft:repeater":4,"minecraft:iron_door":2,"minecraft:jungle_log":6,"minecraft:brown_wool":9,"minecraft:potato":16,"minecraft:flint":9,"minecraft:acacia_boat":39,"minecraft:dirt":791,"minecraft:name_tag":2,"minecraft:glass":40,"minecraft:bone":34,"minecraft:acacia_planks":71,"minecraft:bow":1,"minecraft:stonecutter":2,"minecraft:wheat_seeds":75,"minecraft:bell":21,"minecraft:grindstone":1,"minecraft:mossy_stone_bricks":2,"minecraft:fletching_table":2,"minecraft:oak_planks":34,"minecraft:warped_wart_block":4,"minecraft:sand":113,"minecraft:nether_brick_stairs":2,"minecraft:shulker_box":7,"minecraft:diamond":7,"minecraft:lever":1,"minecraft:crossbow":6,"minecraft:granite":29,"minecraft:music_disc_precipice":1,"minecraft:chainmail_helmet":12,"minecraft:emerald":36,"minecraft:oak_sapling":45,"minecraft:netherrack":2260,"minecraft:chorus_fruit":20,"minecraft:dark_oak_fence":4,"minecraft:oak_leaves":126,"minecraft:waxed_oxidized_cut_copper":1,"minecraft:crafting_table":16,"minecraft:ominous_bottle":4,"minecraft:chicken":3,"minecraft:ladder":6,"minecraft:brick":8,"minecraft:shield":1,"minecraft:wind_charge":3,"minecraft:red_bed":18,"minecraft:elytra":1,"minecraft:iron_axe":5,"minecraft:white_carpet":4,"minecraft:blackstone":67,"minecraft:cartography_table":3,"minecraft:beef":6,"minecraft:oak_boat":23,"minecraft:observer":9,"minecraft:iron_nugget":26,"minecraft:poppy":129,"minecraft:light_gray_wool":5,"minecraft:lectern":49,"minecraft:birch_sapling":4,"minecraft:piston":2,"minecraft:phantom_membrane":1,"minecraft:egg":19,"minecraft:raw_iron":25,"minecraft:end_stone":16,"minecraft:note_block":3,"minecraft:stone_button":1,"minecraft:carrot":82,"minecraft:redstone":32,"minecraft:waxed_oxidized_chiseled_copper":1,"minecraft:arrow":70,"minecraft:decorated_pot":8,"minecraft:beetroot_seeds":1,"minecraft:nether_bricks":30,"minecraft:hay_block":91,"minecraft:saddle":4,"minecraft:oak_chest_boat":1,"minecraft:tuff_bricks":5,"minecraft:mutton":19,"minecraft:white_wool":94,"minecraft:basalt":8,"minecraft:leather":14,"minecraft:birch_planks":18,"minecraft:oak_log":207,"minecraft:waxed_copper_block":3,"minecraft:ancient_debris":5,"minecraft:gunpowder":11,"minecraft:white_banner":14,"minecraft:apple":7,"minecraft:stone_bricks":4,"minecraft:warped_stem":7,"minecraft:iron_ingot":943,"minecraft:oak_fence_gate":1,"minecraft:stone_pickaxe":2,"minecraft:iron_sword":2,"minecraft:acacia_sapling":37,"minecraft:book":129,"minecraft:smooth_basalt":3,"minecraft:warped_fungus":1,"minecraft:daylight_detector":10,"minecraft:quartz":37,"minecraft:gravel":21,"minecraft:blast_furnace":1,"minecraft:white_bed":6,"minecraft:dragon_egg":1,"minecraft:spider_eye":2,"minecraft:polished_tuff":2,"minecraft:stone_axe":1,"minecraft:diamond_axe":1,"minecraft:gray_wool":2,"minecraft:warped_roots":8,"minecraft:warped_nylium":15,"minecraft:coal":127,"minecraft:ender_pearl":21},"minecraft:mined":{"minecraft:white_bed":6,"minecraft:jungle_leaves":3,"minecraft:obsidian":10,"minecraft:granite":28,"minecraft:acacia_log":236,"minecraft:grass_block":216,"minecraft:brown_wool":9,"minecraft:jungle_log":6,"minecraft:light_gray_bed":12,"minecraft:purpur_slab":1,"minecraft:composter":13,"minecraft:tuff_bricks":5,"minecraft:spawner":1,"minecraft:magma_block":4,"minecraft:iron_ore":23,"minecraft:cobbled_deepslate":5,"minecraft:fire":15,"minecraft:polished_tuff":2,"minecraft:fletching_table":2,"minecraft:nether_brick_stairs":1,"minecraft:iron_bars":1,"minecraft:tripwire":3,"minecraft:orange_bed":19,"minecraft:red_bed":18,"minecraft:blackstone":55,"minecraft:torch":1,"minecraft:blast_furnace":1,"minecraft:calcite":6,"minecraft:nether_quartz_ore":32,"minecraft:cobblestone":121,"minecraft:grindstone":1,"minecraft:iron_door":2,"minecraft:wall_torch":2,"minecraft:amethyst_block":7,"minecraft:warped_nylium":9,"minecraft:acacia_sapling":1,"minecraft:birch_log":36,"minecraft:wheat":38,"minecraft:waxed_copper_block":3,"minecraft:oak_log":207,"minecraft:beetroots":4,"minecraft:oak_fence_gate":1,"minecraft:acacia_fence":2,"minecraft:sand":114,"minecraft:dirt":457,"minecraft:piston":2,"minecraft:smooth_basalt":3,"minecraft:acacia_sign":1,"minecraft:stonecutter":1,"minecraft:netherrack":2159,"minecraft:ancient_debris":5,"minecraft:deepslate":94,"minecraft:daylight_detector":1,"minecraft:oak_leaves":186,"minecraft:nether_gold_ore":17,"minecraft:tuff":1,"minecraft:deepslate_diamond_ore":5,"minecraft:end_stone":20,"minecraft:shulker_box":7,"minecraft:waxed_oxidized_chiseled_copper":1,"minecraft:glow_lichen":3,"minecraft:nether_bricks":32,"minecraft:dark_oak_fence":8,"minecraft:decorated_pot":11,"minecraft:redstone_wire":1,"minecraft:cartography_table":3,"minecraft:hay_block":69,"minecraft:waxed_oxidized_cut_copper":1,"minecraft:carrots":46,"minecraft:andesite":6,"minecraft:bell":20,"minecraft:nether_brick_fence":4,"minecraft:bookshelf":43,"minecraft:potatoes":17,"minecraft:cobblestone_slab":6,"minecraft:shroomlight":1,"minecraft:vine":5,"minecraft:warped_stem":7,"minecraft:chorus_plant":1,"minecraft:stone":255,"minecraft:acacia_leaves":77,"minecraft:magenta_stained_glass":2,"minecraft:basalt":9,"minecraft:observer":10,"minecraft:oak_fence":5,"minecraft:crafting_table":16,"minecraft:short_grass":288,"minecraft:warped_roots":3,"minecraft:campfire":2,"minecraft:lectern":49,"minecraft:tall_grass":25,"minecraft:diorite":11,"minecraft:warped_wart_block":3,"minecraft:birch_planks":10,"minecraft:white_carpet":2,"minecraft:birch_leaves":6,"minecraft:white_wall_banner":1,"minecraft:coal_ore":126,"minecraft:gravel":28,"minecraft:cobweb":3,"minecraft:cracked_stone_bricks":1,"minecraft:stone_bricks":3,"minecraft:mossy_stone_bricks":2,"minecraft:fern":4}},"DataVersion":3953}