{"stats":{"minecraft:picked_up":{"minecraft:crafting_table":10,"minecraft:wheat":7,"minecraft:chicken":1,"minecraft:lead":10,"minecraft:wind_charge":3,"minecraft:red_bed":16,"minecraft:string":11,"minecraft:iron_axe":2,"minecraft:cartography_table":2,"minecraft:bucket":1,"minecraft:beef":1,"minecraft:oak_boat":13,"minecraft:iron_nugget":26,"minecraft:egg":9,"minecraft:tipped_arrow":7,"minecraft:stick":16,"minecraft:raw_iron":22,"minecraft:acacia_fence":50,"minecraft:composter":13,"minecraft:oak_fence":20,"minecraft:torch":1,"minecraft:acacia_log":120,"minecraft:porkchop":2,"minecraft:diorite":3,"minecraft:carrot":65,"minecraft:orange_bed":17,"minecraft:rotten_flesh":25,"minecraft:arrow":20,"minecraft:beetroot_seeds":1,"minecraft:hay_block":91,"minecraft:armadillo_scute":9,"minecraft:mutton":17,"minecraft:cobblestone":52,"minecraft:white_wool":12,"minecraft:birch_log":5,"minecraft:feather":1,"minecraft:jungle_log":6,"minecraft:leather":6,"minecraft:potato":12,"minecraft:birch_planks":10,"minecraft:oak_log":18,"minecraft:gunpowder":1,"minecraft:dirt":188,"minecraft:glass":3,"minecraft:bone":12,"minecraft:apple":2,"minecraft:bow":1,"minecraft:wheat_seeds":40,"minecraft:bell":12,"minecraft:oak_fence_gate":1,"minecraft:iron_ingot":9,"minecraft:acacia_sapling":21,"minecraft:sand":111,"minecraft:white_bed":3,"minecraft:spider_eye":1,"minecraft:granite":4,"minecraft:crossbow":1,"minecraft:diamond_axe":1,"minecraft:emerald":2,"minecraft:music_disc_precipice":1,"minecraft:oak_sapling":6,"minecraft:coal":44},"minecraft:dropped":{"minecraft:bread":64,"minecraft:wheat_seeds":1,"minecraft:oak_log":17,"minecraft:acacia_log":29,"minecraft:stick":1,"minecraft:dirt":2,"minecraft:diorite":3,"minecraft:mutton":3,"minecraft:string":9,"minecraft:bucket":1,"minecraft:bone":1,"minecraft:wheat":3,"minecraft:arrow":2,"minecraft:acacia_fence":2},"minecraft:killed":{"minecraft:armadillo":1,"minecraft:spider":5,"minecraft:skeleton":9,"minecraft:horse":1,"minecraft:chicken":1,"minecraft:drowned":1,"minecraft:pig":1,"minecraft:zombie_villager":1,"minecraft:creeper":3,"minecraft:sheep":12,"minecraft:zombie":24,"minecraft:cow":1},"minecraft:broken":{"minecraft:stone_sword":1,"minecraft:stone_axe":1,"minecraft:wooden_axe":1,"minecraft:stone_shovel":1},"minecraft:custom":{"minecraft:mob_kills":66,"minecraft:animals_bred":2,"minecraft:interact_with_crafting_table":45,"minecraft:bell_ring":202,"minecraft:leave_game":9,"minecraft:time_since_death":41281,"minecraft:climb_one_cm":1286,"minecraft:sprint_one_cm":630471,"minecraft:walk_one_cm":416043,"minecraft:drop":20,"minecraft:talked_to_villager":27,"minecraft:play_time":257241,"minecraft:deaths":8,"minecraft:sneak_time":11900,"minecraft:walk_under_water_one_cm":33073,"minecraft:boat_one_cm":65459,"minecraft:jump":5068,"minecraft:walk_on_water_one_cm":72861,"minecraft:total_world_time":257241,"minecraft:interact_with_furnace":86,"minecraft:traded_with_villager":6,"minecraft:interact_with_cartography_table":1,"minecraft:sleep_in_bed":14,"minecraft:time_since_rest":5231,"minecraft:damage_taken":4422,"minecraft:damage_dealt":10309,"minecraft:swim_one_cm":198230,"minecraft:fly_one_cm":986111,"minecraft:player_kills":1,"minecraft:open_chest":35,"minecraft:crouch_one_cm":33803,"minecraft:fall_one_cm":157317,"minecraft:horse_one_cm":123454},"minecraft:killed_by":{"minecraft:creeper":1,"minecraft:drowned":1,"minecraft:skeleton":2,"minecraft:zombie":3},"minecraft:crafted":{"minecraft:oak_planks":4,"minecraft:stone_shovel":3,"minecraft:wolf_armor":1,"minecraft:furnace":2,"minecraft:acacia_fence_gate":2,"minecraft:bone_meal":9,"minecraft:glass":214,"minecraft:hopper":4,"minecraft:stone_pickaxe":1,"minecraft:chest":6,"minecraft:acacia_fence":3,"minecraft:stone_hoe":1,"minecraft:wheat":807,"minecraft:emerald":6,"minecraft:crafting_table":3,"minecraft:acacia_slab":18,"minecraft:wooden_pickaxe":1,"minecraft:acacia_trapdoor":4,"minecraft:bucket":1,"minecraft:birch_planks":20,"minecraft:stone_axe":2,"minecraft:bread":209,"minecraft:air":0,"minecraft:oak_chest_boat":1,"minecraft:charcoal":7,"minecraft:stick":24,"minecraft:iron_ingot":23,"minecraft:wooden_axe":1,"minecraft:stone_sword":1,"minecraft:white_bed":3,"minecraft:composter":2,"minecraft:acacia_planks":100,"minecraft:torch":12,"minecraft:shears":1},"minecraft:used":{"minecraft:stone_sword":158,"minecraft:acacia_log":53,"minecraft:stone_shovel":212,"minecraft:chest":1,"minecraft:bell":12,"minecraft:stone_hoe":134,"minecraft:trial_key":5,"minecraft:orange_bed":17,"minecraft:torch":13,"minecraft:dirt":168,"minecraft:mutton":7,"minecraft:crafter":1,"minecraft:carrot":64,"minecraft:acacia_sapling":3,"minecraft:granite":4,"minecraft:oak_fence_gate":1,"minecraft:glass":51,"minecraft:wooden_axe":61,"minecraft:acacia_slab":1,"minecraft:vault":6,"minecraft:oak_sapling":6,"minecraft:furnace":2,"minecraft:beetroot_seeds":1,"minecraft:acacia_fence":1,"minecraft:egg":9,"minecraft:potato":6,"minecraft:acacia_planks":4,"minecraft:oak_chest_boat":1,"minecraft:wheat_seeds":36,"minecraft:water_bucket":4,"minecraft:birch_planks":10,"minecraft:acacia_trapdoor":3,"minecraft:stone_pickaxe":155,"minecraft:wooden_pickaxe":3,"minecraft:composter":15,"minecraft:crafting_table":11,"minecraft:red_bed":16,"minecraft:white_bed":6,"minecraft:chicken":1,"minecraft:bread":70,"minecraft:string":2,"minecraft:acacia_fence_gate":2,"minecraft:stone_axe":137,"minecraft:cobblestone":17,"minecraft:porkchop":2,"minecraft:bucket":4,"minecraft:oak_boat":12,"minecraft:bone_meal":9},"minecraft:mined":{"minecraft:white_bed":3,"minecraft:jungle_leaves":3,"minecraft:glow_lichen":1,"minecraft:granite":4,"minecraft:acacia_log":120,"minecraft:grass_block":90,"minecraft:jungle_log":6,"minecraft:cartography_table":2,"minecraft:composter":13,"minecraft:hay_block":69,"minecraft:carrots":40,"minecraft:iron_ore":22,"minecraft:bell":11,"minecraft:potatoes":13,"minecraft:vine":1,"minecraft:stone":37,"minecraft:tripwire":1,"minecraft:orange_bed":17,"minecraft:acacia_leaves":20,"minecraft:red_bed":16,"minecraft:crafting_table":10,"minecraft:short_grass":91,"minecraft:tall_grass":5,"minecraft:cobblestone":4,"minecraft:wall_torch":1,"minecraft:birch_planks":10,"minecraft:birch_log":5,"minecraft:wheat":32,"minecraft:birch_leaves":1,"minecraft:oak_log":17,"minecraft:coal_ore":44,"minecraft:beetroots":3,"minecraft:oak_fence_gate":1,"minecraft:sand":111,"minecraft:dirt":73,"minecraft:oak_leaves":33,"minecraft:fern":1}},"DataVersion":3953}