{"stats":{"minecraft:picked_up":{"minecraft:crafting_table":8,"minecraft:wheat":7,"minecraft:chicken":1,"minecraft:lead":7,"minecraft:wind_charge":3,"minecraft:string":11,"minecraft:red_bed":1,"minecraft:iron_axe":2,"minecraft:cartography_table":1,"minecraft:beef":1,"minecraft:iron_nugget":26,"minecraft:egg":8,"minecraft:raw_iron":22,"minecraft:tipped_arrow":7,"minecraft:stick":8,"minecraft:composter":13,"minecraft:torch":1,"minecraft:acacia_log":79,"minecraft:porkchop":2,"minecraft:diorite":3,"minecraft:carrot":64,"minecraft:orange_bed":2,"minecraft:rotten_flesh":13,"minecraft:arrow":13,"minecraft:beetroot_seeds":1,"minecraft:hay_block":91,"minecraft:armadillo_scute":4,"minecraft:mutton":11,"minecraft:cobblestone":29,"minecraft:white_wool":9,"minecraft:birch_log":5,"minecraft:feather":1,"minecraft:jungle_log":6,"minecraft:leather":6,"minecraft:potato":12,"minecraft:birch_planks":5,"minecraft:oak_log":3,"minecraft:dirt":169,"minecraft:bone":6,"minecraft:bow":1,"minecraft:wheat_seeds":38,"minecraft:bell":7,"minecraft:oak_fence_gate":1,"minecraft:iron_ingot":8,"minecraft:acacia_sapling":17,"minecraft:sand":110,"minecraft:white_bed":3,"minecraft:spider_eye":1,"minecraft:crossbow":1,"minecraft:diamond_axe":1,"minecraft:granite":4,"minecraft:emerald":2,"minecraft:music_disc_precipice":1,"minecraft:oak_sapling":1},"minecraft:killed":{"minecraft:armadillo":1,"minecraft:spider":3,"minecraft:horse":1,"minecraft:skeleton":5,"minecraft:chicken":1,"minecraft:drowned":1,"minecraft:pig":1,"minecraft:creeper":1,"minecraft:sheep":9,"minecraft:zombie":15,"minecraft:cow":1},"minecraft:crafted":{"minecraft:oak_planks":4,"minecraft:stone_shovel":3,"minecraft:furnace":2,"minecraft:bone_meal":9,"minecraft:glass":44,"minecraft:stone_pickaxe":1,"minecraft:chest":1,"minecraft:stone_hoe":1,"minecraft:wheat":807,"minecraft:emerald":6,"minecraft:crafting_table":3,"minecraft:acacia_slab":18,"minecraft:wooden_pickaxe":1,"minecraft:acacia_trapdoor":4,"minecraft:bucket":1,"minecraft:birch_planks":20,"minecraft:stone_axe":1,"minecraft:bread":209,"minecraft:air":0,"minecraft:charcoal":7,"minecraft:stick":12,"minecraft:iron_ingot":2,"minecraft:wooden_axe":1,"minecraft:stone_sword":1,"minecraft:white_bed":1,"minecraft:composter":2,"minecraft:acacia_planks":40},"minecraft:dropped":{"minecraft:wheat_seeds":1,"minecraft:oak_log":1,"minecraft:stick":1,"minecraft:dirt":2,"minecraft:diorite":3,"minecraft:string":9,"minecraft:wheat":3,"minecraft:arrow":2},"minecraft:used":{"minecraft:stone_sword":81,"minecraft:acacia_log":52,"minecraft:stone_shovel":212,"minecraft:chest":1,"minecraft:bell":6,"minecraft:stone_hoe":131,"minecraft:trial_key":5,"minecraft:orange_bed":2,"minecraft:torch":1,"minecraft:dirt":161,"minecraft:mutton":7,"minecraft:crafter":1,"minecraft:carrot":64,"minecraft:acacia_sapling":3,"minecraft:granite":4,"minecraft:oak_fence_gate":1,"minecraft:glass":17,"minecraft:wooden_axe":30,"minecraft:acacia_slab":1,"minecraft:vault":6,"minecraft:furnace":2,"minecraft:oak_sapling":1,"minecraft:beetroot_seeds":1,"minecraft:egg":8,"minecraft:potato":6,"minecraft:acacia_planks":4,"minecraft:wheat_seeds":36,"minecraft:water_bucket":1,"minecraft:birch_planks":5,"minecraft:acacia_trapdoor":3,"minecraft:stone_pickaxe":74,"minecraft:wooden_pickaxe":3,"minecraft:composter":15,"minecraft:crafting_table":9,"minecraft:red_bed":1,"minecraft:white_bed":4,"minecraft:chicken":1,"minecraft:bread":36,"minecraft:string":2,"minecraft:stone_axe":102,"minecraft:porkchop":2,"minecraft:bucket":1,"minecraft:bone_meal":9},"minecraft:broken":{"minecraft:stone_axe":1,"minecraft:stone_shovel":1},"minecraft:custom":{"minecraft:mob_kills":43,"minecraft:animals_bred":1,"minecraft:interact_with_crafting_table":28,"minecraft:bell_ring":152,"minecraft:leave_game":5,"minecraft:time_since_death":58348,"minecraft:climb_one_cm":1286,"minecraft:sprint_one_cm":352892,"minecraft:walk_one_cm":237253,"minecraft:drop":11,"minecraft:talked_to_villager":27,"minecraft:play_time":136934,"minecraft:deaths":6,"minecraft:sneak_time":5846,"minecraft:walk_under_water_one_cm":13290,"minecraft:boat_one_cm":20345,"minecraft:jump":3280,"minecraft:walk_on_water_one_cm":38627,"minecraft:total_world_time":136934,"minecraft:interact_with_furnace":38,"minecraft:traded_with_villager":6,"minecraft:interact_with_cartography_table":1,"minecraft:sleep_in_bed":8,"minecraft:time_since_rest":8213,"minecraft:damage_taken":2709,"minecraft:damage_dealt":6452,"minecraft:swim_one_cm":102287,"minecraft:fly_one_cm":626866,"minecraft:open_chest":8,"minecraft:crouch_one_cm":15228,"minecraft:fall_one_cm":112014,"minecraft:horse_one_cm":105001},"minecraft:killed_by":{"minecraft:drowned":1,"minecraft:skeleton":2,"minecraft:zombie":2},"minecraft:mined":{"minecraft:white_bed":3,"minecraft:jungle_leaves":3,"minecraft:granite":4,"minecraft:acacia_log":79,"minecraft:grass_block":82,"minecraft:jungle_log":6,"minecraft:cartography_table":1,"minecraft:composter":13,"minecraft:hay_block":69,"minecraft:carrots":40,"minecraft:iron_ore":22,"minecraft:bell":6,"minecraft:potatoes":13,"minecraft:vine":1,"minecraft:stone":29,"minecraft:tripwire":1,"minecraft:orange_bed":2,"minecraft:acacia_leaves":9,"minecraft:red_bed":1,"minecraft:crafting_table":8,"minecraft:short_grass":57,"minecraft:tall_grass":5,"minecraft:wall_torch":1,"minecraft:birch_planks":5,"minecraft:birch_log":5,"minecraft:wheat":32,"minecraft:birch_leaves":1,"minecraft:oak_log":2,"minecraft:beetroots":3,"minecraft:oak_fence_gate":1,"minecraft:sand":111,"minecraft:dirt":62,"minecraft:oak_leaves":11,"minecraft:fern":1}},"DataVersion":3953}