{"stats":{"minecraft:killed_by":{"minecraft:creeper":1,"minecraft:drowned":1,"minecraft:vindicator":2,"minecraft:blaze":1,"minecraft:zombie":5,"minecraft:spider":1,"minecraft:enderman":1,"minecraft:skeleton":2},"minecraft:crafted":{"minecraft:oak_planks":4,"minecraft:cobblestone_slab":18,"minecraft:wolf_armor":1,"minecraft:stone":16,"minecraft:lever":1,"minecraft:glass":325,"minecraft:hopper":12,"minecraft:repeater":4,"minecraft:iron_boots":1,"minecraft:chest":38,"minecraft:acacia_fence":3,"minecraft:stone_hoe":1,"minecraft:emerald":6,"minecraft:crafting_table":6,"minecraft:acacia_slab":18,"minecraft:wooden_pickaxe":1,"minecraft:iron_helmet":1,"minecraft:birch_planks":20,"minecraft:campfire":2,"minecraft:light_gray_bed":1,"minecraft:diamond_pickaxe":1,"minecraft:charcoal":7,"minecraft:iron_chestplate":1,"minecraft:shield":1,"minecraft:stick":36,"minecraft:iron_ingot":23,"minecraft:iron_pickaxe":3,"minecraft:stone_sword":4,"minecraft:redstone_torch":8,"minecraft:composter":2,"minecraft:shears":1,"minecraft:stone_shovel":3,"minecraft:fishing_rod":1,"minecraft:stone_button":1,"minecraft:furnace":2,"minecraft:acacia_fence_gate":2,"minecraft:piston":3,"minecraft:bone_meal":18,"minecraft:white_carpet":24,"minecraft:ladder":3,"minecraft:stone_pickaxe":2,"minecraft:wheat":807,"minecraft:iron_sword":1,"minecraft:acacia_trapdoor":8,"minecraft:bucket":1,"minecraft:stone_axe":4,"minecraft:acacia_boat":5,"minecraft:bread":212,"minecraft:air":0,"minecraft:oak_chest_boat":1,"minecraft:acacia_sign":24,"minecraft:wooden_axe":1,"minecraft:iron_leggings":1,"minecraft:white_bed":15,"minecraft:note_block":3,"minecraft:acacia_planks":532,"minecraft:torch":12},"minecraft:picked_up":{"minecraft:wheat":8,"minecraft:nether_brick_fence":1,"minecraft:lead":55,"minecraft:golden_sword":1,"minecraft:string":13,"minecraft:shroomlight":1,"minecraft:gold_nugget":4,"minecraft:cobbled_deepslate":57,"minecraft:bucket":5,"minecraft:acacia_sign":1,"minecraft:cobblestone_slab":19,"minecraft:tipped_arrow":7,"minecraft:stick":29,"minecraft:acacia_fence":52,"minecraft:composter":13,"minecraft:oak_fence":23,"minecraft:torch":1,"minecraft:acacia_log":237,"minecraft:porkchop":5,"minecraft:diorite":3,"minecraft:orange_bed":19,"minecraft:light_gray_bed":12,"minecraft:rotten_flesh":58,"minecraft:armadillo_scute":12,"minecraft:obsidian":1,"minecraft:cobblestone":255,"minecraft:birch_log":5,"minecraft:feather":1,"minecraft:repeater":4,"minecraft:andesite":3,"minecraft:jungle_log":6,"minecraft:brown_wool":9,"minecraft:potato":12,"minecraft:flint":6,"minecraft:acacia_boat":17,"minecraft:dirt":769,"minecraft:name_tag":2,"minecraft:glass":40,"minecraft:bone":25,"minecraft:acacia_planks":70,"minecraft:bow":1,"minecraft:wheat_seeds":67,"minecraft:bell":18,"minecraft:warped_wart_block":2,"minecraft:sand":113,"minecraft:nether_brick_stairs":2,"minecraft:diamond":3,"minecraft:lever":1,"minecraft:crossbow":5,"minecraft:granite":8,"minecraft:emerald":3,"minecraft:music_disc_precipice":1,"minecraft:dark_oak_fence":4,"minecraft:oak_sapling":8,"minecraft:netherrack":261,"minecraft:oak_leaves":126,"minecraft:crafting_table":13,"minecraft:ominous_bottle":3,"minecraft:chicken":1,"minecraft:ladder":6,"minecraft:shield":1,"minecraft:wind_charge":3,"minecraft:red_bed":18,"minecraft:iron_axe":2,"minecraft:white_carpet":4,"minecraft:cartography_table":2,"minecraft:beef":1,"minecraft:oak_boat":23,"minecraft:observer":9,"minecraft:iron_nugget":26,"minecraft:poppy":1,"minecraft:light_gray_wool":5,"minecraft:piston":2,"minecraft:phantom_membrane":1,"minecraft:egg":16,"minecraft:raw_iron":24,"minecraft:note_block":3,"minecraft:stone_button":1,"minecraft:carrot":79,"minecraft:redstone":32,"minecraft:arrow":37,"minecraft:beetroot_seeds":1,"minecraft:nether_bricks":13,"minecraft:hay_block":91,"minecraft:saddle":1,"minecraft:oak_chest_boat":1,"minecraft:mutton":19,"minecraft:white_wool":94,"minecraft:leather":7,"minecraft:birch_planks":10,"minecraft:oak_log":18,"minecraft:gunpowder":11,"minecraft:white_banner":9,"minecraft:apple":3,"minecraft:oak_fence_gate":1,"minecraft:iron_ingot":96,"minecraft:stone_pickaxe":2,"minecraft:acacia_sapling":37,"minecraft:iron_sword":1,"minecraft:daylight_detector":10,"minecraft:quartz":27,"minecraft:gravel":17,"minecraft:white_bed":6,"minecraft:spider_eye":1,"minecraft:diamond_axe":1,"minecraft:gray_wool":2,"minecraft:coal":44},"minecraft:custom":{"minecraft:animals_bred":2,"minecraft:interact_with_crafting_table":98,"minecraft:bell_ring":648,"minecraft:leave_game":26,"minecraft:time_since_death":709,"minecraft:sprint_one_cm":1542143,"minecraft:damage_blocked_by_shield":1982,"minecraft:drop":104,"minecraft:talked_to_villager":54,"minecraft:play_time":892326,"minecraft:deaths":31,"minecraft:jump":14272,"minecraft:walk_on_water_one_cm":181201,"minecraft:interact_with_furnace":114,"minecraft:traded_with_villager":6,"minecraft:interact_with_cartography_table":1,"minecraft:sleep_in_bed":37,"minecraft:damage_dealt":40175,"minecraft:player_kills":3,"minecraft:crouch_one_cm":117043,"minecraft:horse_one_cm":1769129,"minecraft:mob_kills":216,"minecraft:interact_with_anvil":2,"minecraft:inspect_hopper":5,"minecraft:climb_one_cm":17128,"minecraft:walk_one_cm":1274631,"minecraft:raid_win":1,"minecraft:sneak_time":44814,"minecraft:walk_under_water_one_cm":71279,"minecraft:boat_one_cm":163788,"minecraft:total_world_time":892326,"minecraft:raid_trigger":1,"minecraft:time_since_rest":731,"minecraft:damage_taken":14022,"minecraft:swim_one_cm":412884,"minecraft:fly_one_cm":2493311,"minecraft:open_chest":324,"minecraft:fall_one_cm":408349},"minecraft:used":{"minecraft:ladder":5,"minecraft:chest":25,"minecraft:shield":76,"minecraft:iron_sword":195,"minecraft:bell":18,"minecraft:rotten_flesh":2,"minecraft:mutton":7,"minecraft:nether_bricks":5,"minecraft:crafter":1,"minecraft:carrot":70,"minecraft:acacia_sapling":23,"minecraft:obsidian":1,"minecraft:glass":249,"minecraft:lava_bucket":46,"minecraft:villager_spawn_egg":11,"minecraft:repeater":4,"minecraft:vault":6,"minecraft:ominous_bottle":1,"minecraft:furnace":2,"minecraft:oak_sapling":10,"minecraft:beetroot_seeds":1,"minecraft:acacia_fence":99,"minecraft:egg":16,"minecraft:potato":6,"minecraft:oak_chest_boat":2,"minecraft:acacia_trapdoor":7,"minecraft:stone_pickaxe":379,"minecraft:wooden_pickaxe":3,"minecraft:composter":15,"minecraft:oak_leaves":52,"minecraft:sand":1,"minecraft:crossbow":9,"minecraft:note_block":3,"minecraft:shears":95,"minecraft:lever":1,"minecraft:daylight_detector":9,"minecraft:stone_button":1,"minecraft:bread":162,"minecraft:brown_wool":9,"minecraft:string":28,"minecraft:gravel":6,"minecraft:andesite":3,"minecraft:chain":8,"minecraft:oak_boat":21,"minecraft:bone_meal":16,"minecraft:oak_fence":9,"minecraft:stone_sword":510,"minecraft:acacia_log":55,"minecraft:stone_shovel":212,"minecraft:redstone":4,"minecraft:stone_hoe":135,"minecraft:netherrack":46,"minecraft:trial_key":5,"minecraft:orange_bed":19,"minecraft:torch":13,"minecraft:warped_wart_block":1,"minecraft:dirt":667,"minecraft:anvil":2,"minecraft:white_carpet":28,"minecraft:hopper":12,"minecraft:granite":4,"minecraft:oak_fence_gate":1,"minecraft:wooden_axe":61,"minecraft:acacia_slab":2,"minecraft:goat_horn":17,"minecraft:acacia_planks":4,"minecraft:cobbled_deepslate":19,"minecraft:observer":18,"minecraft:light_gray_bed":13,"minecraft:wheat_seeds":36,"minecraft:acacia_boat":20,"minecraft:water_bucket":126,"minecraft:birch_planks":10,"minecraft:cobblestone_slab":14,"minecraft:crafting_table":15,"minecraft:red_bed":18,"minecraft:white_bed":21,"minecraft:campfire":2,"minecraft:piston":5,"minecraft:apple":2,"minecraft:acacia_sign":9,"minecraft:chicken":1,"minecraft:iron_pickaxe":260,"minecraft:acacia_fence_gate":2,"minecraft:stone_axe":331,"minecraft:cobblestone":485,"minecraft:white_banner":5,"minecraft:porkchop":4,"minecraft:bucket":149,"minecraft:pillager_spawn_egg":2},"minecraft:mined":{"minecraft:white_bed":6,"minecraft:jungle_leaves":3,"minecraft:granite":8,"minecraft:acacia_log":236,"minecraft:grass_block":208,"minecraft:brown_wool":9,"minecraft:jungle_log":6,"minecraft:light_gray_bed":12,"minecraft:composter":13,"minecraft:iron_ore":23,"minecraft:fire":13,"minecraft:nether_brick_stairs":1,"minecraft:tripwire":3,"minecraft:orange_bed":19,"minecraft:red_bed":18,"minecraft:nether_quartz_ore":18,"minecraft:cobblestone":109,"minecraft:wall_torch":1,"minecraft:warped_nylium":5,"minecraft:acacia_sapling":1,"minecraft:birch_log":5,"minecraft:wheat":32,"minecraft:oak_log":17,"minecraft:beetroots":3,"minecraft:oak_fence_gate":1,"minecraft:acacia_fence":2,"minecraft:sand":114,"minecraft:dirt":443,"minecraft:acacia_sign":1,"minecraft:netherrack":210,"minecraft:piston":2,"minecraft:oak_leaves":152,"minecraft:deepslate":19,"minecraft:daylight_detector":1,"minecraft:deepslate_diamond_ore":2,"minecraft:nether_bricks":11,"minecraft:glow_lichen":3,"minecraft:dark_oak_fence":8,"minecraft:redstone_wire":1,"minecraft:cartography_table":2,"minecraft:hay_block":69,"minecraft:carrots":43,"minecraft:andesite":3,"minecraft:bell":17,"minecraft:nether_brick_fence":1,"minecraft:potatoes":13,"minecraft:shroomlight":1,"minecraft:cobblestone_slab":6,"minecraft:vine":5,"minecraft:stone":66,"minecraft:acacia_leaves":77,"minecraft:observer":10,"minecraft:oak_fence":3,"minecraft:crafting_table":13,"minecraft:short_grass":266,"minecraft:campfire":2,"minecraft:tall_grass":21,"minecraft:diorite":1,"minecraft:warped_wart_block":1,"minecraft:birch_planks":10,"minecraft:white_carpet":2,"minecraft:birch_leaves":3,"minecraft:white_wall_banner":1,"minecraft:coal_ore":44,"minecraft:gravel":21,"minecraft:fern":4},"minecraft:dropped":{"minecraft:iron_sword":1,"minecraft:oak_log":17,"minecraft:crossbow":1,"minecraft:flint":5,"minecraft:dirt":66,"minecraft:dark_oak_fence":4,"minecraft:mutton":5,"minecraft:gold_nugget":1,"minecraft:sand":9,"minecraft:iron_pickaxe":1,"minecraft:fishing_rod":1,"minecraft:bone":3,"minecraft:gravel":5,"minecraft:pillager_spawn_egg":1,"minecraft:wheat":5,"minecraft:rotten_flesh":7,"minecraft:carrot":3,"minecraft:poppy":952,"minecraft:gunpowder":10,"minecraft:ladder":1,"minecraft:arrow":2,"minecraft:glass":33,"minecraft:warped_wart_block":1,"minecraft:quartz":70,"minecraft:acacia_fence":3,"minecraft:oak_leaves":63,"minecraft:netherrack":3,"minecraft:golden_boots":1,"minecraft:iron_ingot":8,"minecraft:bread":68,"minecraft:wheat_seeds":21,"minecraft:lead":3,"minecraft:cobblestone":129,"minecraft:granite":4,"minecraft:acacia_log":30,"minecraft:stick":1,"minecraft:diorite":3,"minecraft:string":9,"minecraft:bucket":1,"minecraft:acacia_planks":7,"minecraft:name_tag":2,"minecraft:shield":2,"minecraft:diamond_pickaxe":1,"minecraft:stone_pickaxe":2},"minecraft:killed":{"minecraft:zombified_piglin":10,"minecraft:spider":7,"minecraft:skeleton":21,"minecraft:chicken":1,"minecraft:magma_cube":13,"minecraft:pig":1,"minecraft:zombie_villager":1,"minecraft:iron_golem":1,"minecraft:creeper":5,"minecraft:sheep":12,"minecraft:trader_llama":2,"minecraft:pillager":45,"minecraft:zombie":49,"minecraft:blaze":1,"minecraft:cow":1,"minecraft:armadillo":1,"minecraft:vindicator":4,"minecraft:phantom":1,"minecraft:horse":1,"minecraft:drowned":1,"minecraft:wandering_trader":1,"minecraft:ravager":2,"minecraft:wither_skeleton":1,"minecraft:villager":18,"minecraft:enderman":1},"minecraft:broken":{"minecraft:golden_boots":1,"minecraft:stone_pickaxe":3,"minecraft:stone_axe":3,"minecraft:wooden_axe":1,"minecraft:stone_shovel":1,"minecraft:stone_sword":3,"minecraft:iron_pickaxe":1}},"DataVersion":3953}