{"stats":{"minecraft:mined":{"minecraft:white_bed":6,"minecraft:jungle_leaves":3,"minecraft:obsidian":23,"minecraft:granite":28,"minecraft:acacia_log":236,"minecraft:grass_block":219,"minecraft:brown_wool":9,"minecraft:jungle_log":156,"minecraft:light_gray_bed":12,"minecraft:purpur_slab":1,"minecraft:composter":13,"minecraft:hopper":14,"minecraft:tuff_bricks":5,"minecraft:spawner":1,"minecraft:magma_block":4,"minecraft:iron_ore":23,"minecraft:fire":17,"minecraft:cobbled_deepslate":16,"minecraft:polished_tuff":2,"minecraft:fletching_table":2,"minecraft:nether_brick_stairs":1,"minecraft:iron_bars":1,"minecraft:tripwire":4,"minecraft:orange_bed":19,"minecraft:deepslate_redstone_ore":22,"minecraft:red_bed":18,"minecraft:blackstone":55,"minecraft:torch":1,"minecraft:blast_furnace":1,"minecraft:calcite":6,"minecraft:chest":1,"minecraft:nether_quartz_ore":32,"minecraft:cobblestone":348,"minecraft:grindstone":1,"minecraft:iron_door":2,"minecraft:wall_torch":2,"minecraft:amethyst_block":7,"minecraft:repeater":16,"minecraft:warped_nylium":9,"minecraft:acacia_sapling":1,"minecraft:birch_log":36,"minecraft:wheat":38,"minecraft:waxed_copper_block":3,"minecraft:dispenser":1,"minecraft:oak_log":207,"minecraft:beetroots":4,"minecraft:oak_fence_gate":1,"minecraft:acacia_fence":2,"minecraft:sand":198,"minecraft:dirt":466,"minecraft:piston":2,"minecraft:smooth_basalt":3,"minecraft:acacia_sign":1,"minecraft:ancient_debris":5,"minecraft:stonecutter":4,"minecraft:netherrack":2159,"minecraft:deepslate":158,"minecraft:daylight_detector":1,"minecraft:oak_leaves":191,"minecraft:nether_gold_ore":17,"minecraft:tuff":9,"minecraft:deepslate_diamond_ore":5,"minecraft:end_stone":20,"minecraft:shulker_box":80,"minecraft:lever":3,"minecraft:waxed_oxidized_chiseled_copper":1,"minecraft:glow_lichen":3,"minecraft:nether_bricks":33,"minecraft:dark_oak_fence":8,"minecraft:decorated_pot":11,"minecraft:jungle_planks":3,"minecraft:redstone_wire":3,"minecraft:spruce_leaves":45,"minecraft:cartography_table":3,"minecraft:large_fern":4,"minecraft:hay_block":69,"minecraft:redstone_ore":1,"minecraft:waxed_oxidized_cut_copper":1,"minecraft:furnace":3,"minecraft:carrots":46,"minecraft:andesite":6,"minecraft:bell":20,"minecraft:nether_brick_fence":4,"minecraft:bookshelf":43,"minecraft:potatoes":17,"minecraft:cobblestone_slab":194,"minecraft:shroomlight":1,"minecraft:vine":23,"minecraft:warped_stem":7,"minecraft:chorus_plant":1,"minecraft:bamboo":5,"minecraft:stone":306,"minecraft:jungle_fence_gate":1,"minecraft:redstone_wall_torch":1,"minecraft:oak_slab":9,"minecraft:acacia_leaves":77,"minecraft:magenta_stained_glass":2,"minecraft:basalt":9,"minecraft:observer":22,"minecraft:oak_fence":6,"minecraft:crafting_table":17,"minecraft:short_grass":300,"minecraft:dropper":2,"minecraft:warped_roots":3,"minecraft:campfire":2,"minecraft:lectern":49,"minecraft:tall_grass":25,"minecraft:diorite":15,"minecraft:warped_wart_block":3,"minecraft:birch_planks":10,"minecraft:white_carpet":2,"minecraft:spruce_log":184,"minecraft:birch_leaves":6,"minecraft:white_wall_banner":1,"minecraft:coal_ore":126,"minecraft:gravel":28,"minecraft:cobweb":3,"minecraft:cracked_stone_bricks":1,"minecraft:stone_bricks":3,"minecraft:mossy_stone_bricks":2,"minecraft:fern":6},"minecraft:picked_up":{"minecraft:shulker_shell":11,"minecraft:iron_chestplate":1,"minecraft:wheat":8,"minecraft:chainmail_boots":12,"minecraft:nether_brick_fence":4,"minecraft:lead":73,"minecraft:golden_sword":1,"minecraft:amethyst_block":7,"minecraft:string":610,"minecraft:iron_leggings":2,"minecraft:shroomlight":1,"minecraft:smooth_stone":2,"minecraft:gold_nugget":8,"minecraft:cobbled_deepslate":235,"minecraft:bucket":7,"minecraft:acacia_sign":1,"minecraft:redstone_torch":1,"minecraft:cobblestone_slab":1195,"minecraft:calcite":6,"minecraft:furnace":3,"minecraft:tipped_arrow":7,"minecraft:stick":230,"minecraft:acacia_fence":52,"minecraft:composter":13,"minecraft:oak_fence":26,"minecraft:torch":3,"minecraft:acacia_log":237,"minecraft:porkchop":11,"minecraft:diorite":17,"minecraft:orange_bed":19,"minecraft:nether_gold_ore":16,"minecraft:light_gray_bed":12,"minecraft:rotten_flesh":68,"minecraft:iron_block":28,"minecraft:armadillo_scute":15,"minecraft:bookshelf":1,"minecraft:blaze_rod":2,"minecraft:obsidian":24,"minecraft:cobblestone":1921,"minecraft:birch_log":36,"minecraft:water_bucket":7,"minecraft:magma_block":4,"minecraft:andesite":6,"minecraft:feather":3,"minecraft:magma_cream":1,"minecraft:repeater":20,"minecraft:iron_door":2,"minecraft:jungle_log":155,"minecraft:brown_wool":9,"minecraft:potato":16,"minecraft:flint":9,"minecraft:tuff":8,"minecraft:acacia_boat":39,"minecraft:dirt":808,"minecraft:name_tag":2,"minecraft:glass":40,"minecraft:bone":35,"minecraft:acacia_planks":71,"minecraft:bow":82,"minecraft:stonecutter":5,"minecraft:wheat_seeds":80,"minecraft:bell":21,"minecraft:grindstone":1,"minecraft:mossy_stone_bricks":2,"minecraft:fletching_table":2,"minecraft:bamboo":59,"minecraft:oak_planks":34,"minecraft:dropper":2,"minecraft:warped_wart_block":4,"minecraft:sand":186,"minecraft:jungle_planks":3,"minecraft:nether_brick_stairs":2,"minecraft:grass_block":1,"minecraft:shulker_box":79,"minecraft:dispenser":1,"minecraft:diamond":7,"minecraft:lever":5,"minecraft:crossbow":6,"minecraft:granite":29,"minecraft:chainmail_helmet":12,"minecraft:emerald":36,"minecraft:bread":2,"minecraft:music_disc_precipice":1,"minecraft:oak_sapling":48,"minecraft:netherrack":2261,"minecraft:chorus_fruit":20,"minecraft:dark_oak_fence":4,"minecraft:oak_leaves":126,"minecraft:cocoa_beans":6,"minecraft:waxed_oxidized_cut_copper":1,"minecraft:crafting_table":17,"minecraft:ominous_bottle":4,"minecraft:chicken":3,"minecraft:ladder":6,"minecraft:brick":8,"minecraft:shield":1,"minecraft:wind_charge":3,"minecraft:red_bed":18,"minecraft:elytra":1,"minecraft:iron_axe":5,"minecraft:white_carpet":4,"minecraft:blackstone":67,"minecraft:cartography_table":3,"minecraft:beef":6,"minecraft:oak_boat":23,"minecraft:observer":21,"minecraft:iron_nugget":26,"minecraft:poppy":129,"minecraft:light_gray_wool":5,"minecraft:lectern":49,"minecraft:birch_sapling":4,"minecraft:piston":2,"minecraft:phantom_membrane":3,"minecraft:egg":19,"minecraft:raw_iron":25,"minecraft:end_stone":16,"minecraft:note_block":3,"minecraft:stone_button":1,"minecraft:carrot":82,"minecraft:redstone":139,"minecraft:waxed_oxidized_chiseled_copper":1,"minecraft:arrow":70,"minecraft:decorated_pot":8,"minecraft:beetroot_seeds":1,"minecraft:nether_bricks":31,"minecraft:hay_block":91,"minecraft:saddle":4,"minecraft:oak_chest_boat":1,"minecraft:tuff_bricks":5,"minecraft:mutton":19,"minecraft:white_wool":95,"minecraft:basalt":8,"minecraft:leather":14,"minecraft:birch_planks":18,"minecraft:oak_log":207,"minecraft:waxed_copper_block":3,"minecraft:ancient_debris":5,"minecraft:gunpowder":15,"minecraft:white_banner":14,"minecraft:apple":7,"minecraft:stone_bricks":4,"minecraft:warped_stem":7,"minecraft:iron_ingot":943,"minecraft:oak_fence_gate":1,"minecraft:stone_pickaxe":2,"minecraft:iron_sword":4,"minecraft:acacia_sapling":37,"minecraft:book":129,"minecraft:scaffolding":5,"minecraft:oak_slab":10,"minecraft:smooth_basalt":3,"minecraft:warped_fungus":1,"minecraft:daylight_detector":10,"minecraft:quartz":137,"minecraft:dandelion":4,"minecraft:gravel":21,"minecraft:spruce_sapling":44,"minecraft:blast_furnace":1,"minecraft:white_bed":6,"minecraft:spruce_log":183,"minecraft:dragon_egg":1,"minecraft:spider_eye":5,"minecraft:polished_tuff":2,"minecraft:stone_axe":1,"minecraft:diamond_axe":1,"minecraft:gray_wool":2,"minecraft:warped_roots":8,"minecraft:warped_nylium":15,"minecraft:coal":154,"minecraft:hopper":43,"minecraft:ender_pearl":26},"minecraft:custom":{"minecraft:animals_bred":4,"minecraft:interact_with_crafting_table":172,"minecraft:open_barrel":1,"minecraft:open_shulker_box":204,"minecraft:bell_ring":728,"minecraft:leave_game":60,"minecraft:time_since_death":31427,"minecraft:sprint_one_cm":3147191,"minecraft:damage_blocked_by_shield":3279,"minecraft:drop":447,"minecraft:talked_to_villager":448,"minecraft:play_time":1851018,"minecraft:deaths":72,"minecraft:jump":25879,"minecraft:interact_with_brewingstand":1,"minecraft:walk_on_water_one_cm":740300,"minecraft:interact_with_furnace":199,"minecraft:traded_with_villager":199,"minecraft:interact_with_cartography_table":1,"minecraft:sleep_in_bed":75,"minecraft:open_enderchest":1,"minecraft:damage_dealt":71827,"minecraft:player_kills":4,"minecraft:crouch_one_cm":656244,"minecraft:inspect_dispenser":8,"minecraft:horse_one_cm":1769656,"minecraft:interact_with_smithing_table":1,"minecraft:interact_with_anvil":2,"minecraft:mob_kills":345,"minecraft:inspect_hopper":23,"minecraft:climb_one_cm":30190,"minecraft:walk_one_cm":2805058,"minecraft:raid_win":2,"minecraft:sneak_time":184631,"minecraft:walk_under_water_one_cm":294435,"minecraft:boat_one_cm":258282,"minecraft:interact_with_blast_furnace":31,"minecraft:total_world_time":1851018,"minecraft:raid_trigger":1,"minecraft:interact_with_stonecutter":45,"minecraft:interact_with_grindstone":8,"minecraft:time_since_rest":31448,"minecraft:damage_taken":28821,"minecraft:swim_one_cm":892170,"minecraft:fly_one_cm":4508943,"minecraft:open_chest":779,"minecraft:fall_one_cm":730301},"minecraft:dropped":{"minecraft:iron_sword":4,"minecraft:birch_planks":8,"minecraft:oak_log":17,"minecraft:crossbow":1,"minecraft:saddle":1,"minecraft:flint":6,"minecraft:emerald":65,"minecraft:dirt":82,"minecraft:dark_oak_fence":4,"minecraft:mutton":5,"minecraft:gold_nugget":1,"minecraft:sand":9,"minecraft:iron_pickaxe":1,"minecraft:fishing_rod":1,"minecraft:white_wool":1,"minecraft:bone":3,"minecraft:gravel":9,"minecraft:blackstone":55,"minecraft:pillager_spawn_egg":1,"minecraft:cobbled_deepslate":5,"minecraft:wheat":5,"minecraft:rotten_flesh":14,"minecraft:oak_planks":3,"minecraft:carrot":3,"minecraft:poppy":1673,"minecraft:gunpowder":14,"minecraft:chainmail_boots":24,"minecraft:ladder":1,"minecraft:glass":33,"minecraft:arrow":28,"minecraft:warped_wart_block":2,"minecraft:scaffolding":12,"minecraft:quartz":71,"minecraft:oak_leaves":63,"minecraft:acacia_fence":3,"minecraft:netherrack":1458,"minecraft:bread":75,"minecraft:iron_ingot":1841,"minecraft:golden_boots":1,"minecraft:wheat_seeds":32,"minecraft:bookshelf":1,"minecraft:cobblestone":1074,"minecraft:lead":3,"minecraft:granite":4,"minecraft:acacia_log":30,"minecraft:chainmail_helmet":18,"minecraft:stick":1365,"minecraft:diorite":3,"minecraft:torch":1,"minecraft:iron_door":2,"minecraft:iron_leggings":4,"minecraft:armadillo_scute":1,"minecraft:stonecutter":1,"minecraft:iron_axe":3,"minecraft:string":47,"minecraft:bucket":3,"minecraft:acacia_planks":8,"minecraft:spruce_sapling":33,"minecraft:dandelion":4,"minecraft:cocoa_beans":4,"minecraft:iron_boots":7,"minecraft:name_tag":2,"minecraft:shulker_box":4,"minecraft:cobblestone_slab":960,"minecraft:shield":2,"minecraft:diamond_pickaxe":1,"minecraft:iron_chestplate":3,"minecraft:oak_sapling":2,"minecraft:spider_eye":3,"minecraft:spruce_log":170,"minecraft:bow":80,"minecraft:stone_pickaxe":2},"minecraft:killed":{"minecraft:zombified_piglin":11,"minecraft:spider":15,"minecraft:shulker":19,"minecraft:skeleton":26,"minecraft:chicken":3,"minecraft:silverfish":1,"minecraft:magma_cube":17,"minecraft:pig":3,"minecraft:zombie_villager":1,"minecraft:iron_golem":1,"minecraft:creeper":8,"minecraft:sheep":12,"minecraft:trader_llama":3,"minecraft:pillager":59,"minecraft:zombie":57,"minecraft:blaze":2,"minecraft:cow":2,"minecraft:armadillo":1,"minecraft:vindicator":7,"minecraft:phantom":7,"minecraft:horse":1,"minecraft:drowned":3,"minecraft:wandering_trader":2,"minecraft:ravager":3,"minecraft:wither_skeleton":7,"minecraft:player":1,"minecraft:villager":19,"minecraft:enderman":32},"minecraft:crafted":{"minecraft:smooth_stone":1,"minecraft:oak_planks":724,"minecraft:chainmail_helmet":6,"minecraft:jungle_fence_gate":12,"minecraft:cobblestone_slab":20,"minecraft:blaze_powder":4,"minecraft:wolf_armor":1,"minecraft:stone":193,"minecraft:lever":3,"minecraft:bookshelf":1,"minecraft:shulker_box":6,"minecraft:warped_planks":28,"minecraft:glass":389,"minecraft:hopper":12,"minecraft:repeater":29,"minecraft:diamond_leggings":1,"minecraft:bow":101,"minecraft:iron_boots":17,"minecraft:stone_pressure_plate":6,"minecraft:chest":49,"minecraft:acacia_fence":3,"minecraft:stone_hoe":1,"minecraft:ender_eye":4,"minecraft:dropper":4,"minecraft:oak_slab":6,"minecraft:emerald":163,"minecraft:crafting_table":7,"minecraft:acacia_slab":18,"minecraft:wooden_pickaxe":1,"minecraft:iron_helmet":1,"minecraft:smithing_table":1,"minecraft:copper_ingot":9,"minecraft:fletching_table":1,"minecraft:birch_planks":144,"minecraft:campfire":2,"minecraft:light_gray_bed":1,"minecraft:dispenser":88,"minecraft:lectern":1,"minecraft:iron_chestplate":2,"minecraft:book":2,"minecraft:paper":6,"minecraft:diamond_pickaxe":2,"minecraft:charcoal":7,"minecraft:shield":2,"minecraft:stick":2130,"minecraft:iron_ingot":2321,"minecraft:iron_pickaxe":10,"minecraft:iron_block":256,"minecraft:stone_sword":4,"minecraft:gold_ingot":16,"minecraft:gray_carpet":3,"minecraft:redstone_torch":73,"minecraft:netherite_ingot":1,"minecraft:light_gray_carpet":3,"minecraft:composter":2,"minecraft:shears":3,"minecraft:jungle_sign":18,"minecraft:stone_shovel":3,"minecraft:fishing_rod":1,"minecraft:tripwire_hook":4,"minecraft:acacia_fence_gate":2,"minecraft:furnace":3,"minecraft:stone_button":10,"minecraft:blast_furnace":1,"minecraft:piston":3,"minecraft:jungle_trapdoor":2,"minecraft:bone_meal":18,"minecraft:white_carpet":30,"minecraft:stone_stairs":8,"minecraft:scaffolding":12,"minecraft:iron_axe":4,"minecraft:ladder":3,"minecraft:stone_pickaxe":2,"minecraft:netherite_scrap":5,"minecraft:observer":6,"minecraft:wheat":807,"minecraft:iron_sword":3,"minecraft:acacia_trapdoor":8,"minecraft:bucket":91,"minecraft:stone_axe":4,"minecraft:bread":212,"minecraft:acacia_boat":5,"minecraft:air":0,"minecraft:jungle_planks":360,"minecraft:oak_chest_boat":1,"minecraft:acacia_sign":24,"minecraft:chainmail_boots":12,"minecraft:wooden_axe":1,"minecraft:iron_leggings":2,"minecraft:white_bed":15,"minecraft:note_block":3,"minecraft:acacia_planks":532,"minecraft:torch":12},"minecraft:used":{"minecraft:iron_shovel":92,"minecraft:dispenser":8,"minecraft:ladder":5,"minecraft:decorated_pot":1,"minecraft:chest":31,"minecraft:shield":111,"minecraft:iron_sword":772,"minecraft:bell":21,"minecraft:rotten_flesh":41,"minecraft:mutton":7,"minecraft:cocoa_beans":3,"minecraft:nether_bricks":12,"minecraft:waxed_oxidized_chiseled_copper":1,"minecraft:jungle_planks":3,"minecraft:crafter":1,"minecraft:carrot":73,"minecraft:acacia_sapling":23,"minecraft:tuff":8,"minecraft:obsidian":13,"minecraft:glass":254,"minecraft:lava_bucket":46,"minecraft:villager_spawn_egg":11,"minecraft:jungle_fence_gate":9,"minecraft:birch_sapling":4,"minecraft:warped_nylium":7,"minecraft:iron_helmet":1,"minecraft:repeater":45,"minecraft:vault":6,"minecraft:ominous_bottle":1,"minecraft:oak_sapling":40,"minecraft:furnace":5,"minecraft:beetroot_seeds":1,"minecraft:acacia_fence":99,"minecraft:egg":26,"minecraft:potato":10,"minecraft:oak_chest_boat":2,"minecraft:dropper":6,"minecraft:stone_pickaxe":379,"minecraft:acacia_trapdoor":7,"minecraft:chorus_fruit":4,"minecraft:ender_pearl":23,"minecraft:wooden_pickaxe":3,"minecraft:composter":15,"minecraft:chainmail_helmet":1,"minecraft:oak_leaves":52,"minecraft:sand":3,"minecraft:blast_furnace":2,"minecraft:crossbow":38,"minecraft:note_block":3,"minecraft:end_stone":11,"minecraft:shears":97,"minecraft:redstone_torch":2,"minecraft:lever":7,"minecraft:stone_button":1,"minecraft:string":31,"minecraft:daylight_detector":10,"minecraft:bread":237,"minecraft:brown_wool":9,"minecraft:lectern":50,"minecraft:gravel":6,"minecraft:andesite":3,"minecraft:jungle_sign":16,"minecraft:golden_pickaxe":32,"minecraft:chain":8,"minecraft:oak_boat":22,"minecraft:grindstone":1,"minecraft:bone_meal":16,"minecraft:smithing_table":1,"minecraft:oak_fence":11,"minecraft:stone_sword":510,"minecraft:acacia_log":55,"minecraft:flint_and_steel":4,"minecraft:stone_shovel":212,"minecraft:redstone":61,"minecraft:trial_key":5,"minecraft:stone_hoe":135,"minecraft:netherrack":327,"minecraft:orange_bed":19,"minecraft:torch":14,"minecraft:dirt":681,"minecraft:warped_wart_block":1,"minecraft:anvil":2,"minecraft:white_carpet":28,"minecraft:hopper":61,"minecraft:jungle_trapdoor":2,"minecraft:shulker_box":78,"minecraft:granite":8,"minecraft:oak_fence_gate":1,"minecraft:wooden_axe":61,"minecraft:iron_axe":648,"minecraft:acacia_slab":2,"minecraft:jungle_log":6,"minecraft:smooth_basalt":3,"minecraft:tripwire_hook":2,"minecraft:basalt":8,"minecraft:beef":3,"minecraft:goat_horn":26,"minecraft:cobbled_deepslate":140,"minecraft:acacia_planks":4,"minecraft:observer":37,"minecraft:light_gray_bed":13,"minecraft:wheat_seeds":37,"minecraft:acacia_boat":40,"minecraft:water_bucket":408,"minecraft:birch_planks":10,"minecraft:cartography_table":1,"minecraft:fletching_table":3,"minecraft:stonecutter":4,"minecraft:cobblestone_slab":8034,"minecraft:warped_roots":2,"minecraft:crafting_table":19,"minecraft:oak_slab":4,"minecraft:red_bed":18,"minecraft:white_bed":21,"minecraft:campfire":2,"minecraft:spruce_log":13,"minecraft:warped_planks":28,"minecraft:oak_log":9,"minecraft:piston":5,"minecraft:ender_eye":10,"minecraft:diamond_pickaxe":1049,"minecraft:apple":6,"minecraft:acacia_sign":9,"minecraft:chicken":3,"minecraft:iron_pickaxe":2470,"minecraft:spruce_sapling":11,"minecraft:acacia_fence_gate":2,"minecraft:stone_axe":426,"minecraft:cobblestone":1821,"minecraft:white_banner":9,"minecraft:porkchop":9,"minecraft:bucket":520,"minecraft:pillager_spawn_egg":2,"minecraft:diamond_leggings":1},"minecraft:broken":{"minecraft:golden_boots":1,"minecraft:stone_pickaxe":3,"minecraft:stone_axe":3,"minecraft:iron_sword":1,"minecraft:wooden_axe":1,"minecraft:stone_shovel":1,"minecraft:stone_sword":3,"minecraft:shield":1,"minecraft:iron_axe":1,"minecraft:iron_pickaxe":9,"minecraft:iron_helmet":1,"minecraft:golden_pickaxe":1},"minecraft:killed_by":{"minecraft:wither_skeleton":1,"minecraft:creeper":1,"minecraft:pillager":1,"minecraft:drowned":1,"minecraft:vindicator":3,"minecraft:blaze":1,"minecraft:zombie":6,"minecraft:spider":1,"minecraft:enderman":3,"minecraft:ender_dragon":3,"minecraft:shulker":1,"minecraft:skeleton":2}},"DataVersion":3953}