{"stats":{"minecraft:killed_by":{"minecraft:wither_skeleton":1,"minecraft:creeper":1,"minecraft:drowned":1,"minecraft:vindicator":2,"minecraft:blaze":1,"minecraft:zombie":5,"minecraft:spider":1,"minecraft:enderman":1,"minecraft:skeleton":2},"minecraft:crafted":{"minecraft:smooth_stone":1,"minecraft:oak_planks":4,"minecraft:chainmail_helmet":1,"minecraft:cobblestone_slab":18,"minecraft:wolf_armor":1,"minecraft:stone":17,"minecraft:lever":1,"minecraft:glass":325,"minecraft:hopper":12,"minecraft:repeater":4,"minecraft:iron_boots":10,"minecraft:chest":38,"minecraft:acacia_fence":3,"minecraft:stone_hoe":1,"minecraft:emerald":58,"minecraft:crafting_table":6,"minecraft:acacia_slab":18,"minecraft:wooden_pickaxe":1,"minecraft:iron_helmet":1,"minecraft:fletching_table":1,"minecraft:birch_planks":20,"minecraft:campfire":2,"minecraft:light_gray_bed":1,"minecraft:diamond_pickaxe":1,"minecraft:charcoal":7,"minecraft:iron_chestplate":2,"minecraft:shield":1,"minecraft:stick":36,"minecraft:iron_ingot":599,"minecraft:iron_pickaxe":3,"minecraft:iron_block":256,"minecraft:stone_sword":4,"minecraft:redstone_torch":8,"minecraft:composter":2,"minecraft:shears":1,"minecraft:stone_shovel":3,"minecraft:fishing_rod":1,"minecraft:stone_button":1,"minecraft:furnace":3,"minecraft:acacia_fence_gate":2,"minecraft:blast_furnace":1,"minecraft:piston":3,"minecraft:bone_meal":18,"minecraft:white_carpet":24,"minecraft:iron_axe":1,"minecraft:ladder":3,"minecraft:stone_pickaxe":2,"minecraft:wheat":807,"minecraft:iron_sword":1,"minecraft:acacia_trapdoor":8,"minecraft:bucket":1,"minecraft:stone_axe":4,"minecraft:acacia_boat":5,"minecraft:bread":212,"minecraft:air":0,"minecraft:oak_chest_boat":1,"minecraft:acacia_sign":24,"minecraft:chainmail_boots":12,"minecraft:wooden_axe":1,"minecraft:iron_leggings":2,"minecraft:white_bed":15,"minecraft:note_block":3,"minecraft:acacia_planks":532,"minecraft:torch":12},"minecraft:picked_up":{"minecraft:iron_chestplate":1,"minecraft:wheat":8,"minecraft:chainmail_boots":12,"minecraft:nether_brick_fence":1,"minecraft:lead":69,"minecraft:golden_sword":1,"minecraft:string":13,"minecraft:iron_leggings":2,"minecraft:shroomlight":1,"minecraft:smooth_stone":2,"minecraft:gold_nugget":4,"minecraft:cobbled_deepslate":57,"minecraft:bucket":5,"minecraft:acacia_sign":1,"minecraft:cobblestone_slab":19,"minecraft:tipped_arrow":7,"minecraft:stick":58,"minecraft:acacia_fence":52,"minecraft:composter":13,"minecraft:oak_fence":24,"minecraft:torch":1,"minecraft:acacia_log":237,"minecraft:porkchop":5,"minecraft:diorite":13,"minecraft:orange_bed":19,"minecraft:light_gray_bed":12,"minecraft:rotten_flesh":58,"minecraft:armadillo_scute":12,"minecraft:blaze_rod":1,"minecraft:obsidian":1,"minecraft:cobblestone":283,"minecraft:birch_log":36,"minecraft:feather":1,"minecraft:repeater":4,"minecraft:andesite":6,"minecraft:jungle_log":6,"minecraft:brown_wool":9,"minecraft:potato":12,"minecraft:flint":8,"minecraft:acacia_boat":30,"minecraft:dirt":774,"minecraft:name_tag":2,"minecraft:glass":40,"minecraft:bone":25,"minecraft:acacia_planks":70,"minecraft:bow":1,"minecraft:wheat_seeds":67,"minecraft:bell":18,"minecraft:grindstone":1,"minecraft:fletching_table":2,"minecraft:warped_wart_block":2,"minecraft:sand":113,"minecraft:nether_brick_stairs":2,"minecraft:diamond":3,"minecraft:lever":1,"minecraft:chainmail_helmet":12,"minecraft:crossbow":5,"minecraft:granite":8,"minecraft:emerald":26,"minecraft:music_disc_precipice":1,"minecraft:dark_oak_fence":4,"minecraft:oak_sapling":40,"minecraft:netherrack":270,"minecraft:oak_leaves":126,"minecraft:crafting_table":15,"minecraft:ominous_bottle":3,"minecraft:chicken":1,"minecraft:ladder":6,"minecraft:shield":1,"minecraft:wind_charge":3,"minecraft:red_bed":18,"minecraft:iron_axe":2,"minecraft:white_carpet":4,"minecraft:cartography_table":3,"minecraft:beef":1,"minecraft:oak_boat":23,"minecraft:observer":9,"minecraft:iron_nugget":26,"minecraft:poppy":1,"minecraft:light_gray_wool":5,"minecraft:birch_sapling":4,"minecraft:piston":2,"minecraft:phantom_membrane":1,"minecraft:egg":16,"minecraft:raw_iron":24,"minecraft:note_block":3,"minecraft:stone_button":1,"minecraft:carrot":79,"minecraft:redstone":32,"minecraft:arrow":38,"minecraft:beetroot_seeds":1,"minecraft:nether_bricks":18,"minecraft:hay_block":91,"minecraft:saddle":1,"minecraft:oak_chest_boat":1,"minecraft:mutton":19,"minecraft:white_wool":94,"minecraft:leather":7,"minecraft:birch_planks":10,"minecraft:oak_log":198,"minecraft:gunpowder":11,"minecraft:white_banner":9,"minecraft:apple":6,"minecraft:oak_fence_gate":1,"minecraft:iron_ingot":106,"minecraft:stone_pickaxe":2,"minecraft:acacia_sapling":37,"minecraft:iron_sword":1,"minecraft:daylight_detector":10,"minecraft:quartz":27,"minecraft:gravel":18,"minecraft:blast_furnace":1,"minecraft:white_bed":6,"minecraft:spider_eye":1,"minecraft:diamond_axe":1,"minecraft:gray_wool":2,"minecraft:coal":96},"minecraft:custom":{"minecraft:animals_bred":2,"minecraft:interact_with_crafting_table":108,"minecraft:bell_ring":648,"minecraft:leave_game":26,"minecraft:time_since_death":12593,"minecraft:sprint_one_cm":1736804,"minecraft:damage_blocked_by_shield":2202,"minecraft:drop":151,"minecraft:talked_to_villager":127,"minecraft:play_time":958326,"minecraft:deaths":34,"minecraft:jump":15518,"minecraft:walk_on_water_one_cm":198952,"minecraft:interact_with_furnace":126,"minecraft:traded_with_villager":81,"minecraft:interact_with_cartography_table":1,"minecraft:sleep_in_bed":41,"minecraft:damage_dealt":41367,"minecraft:player_kills":3,"minecraft:crouch_one_cm":119429,"minecraft:horse_one_cm":1769129,"minecraft:mob_kills":220,"minecraft:interact_with_anvil":2,"minecraft:inspect_hopper":6,"minecraft:climb_one_cm":17128,"minecraft:walk_one_cm":1423578,"minecraft:raid_win":1,"minecraft:sneak_time":46321,"minecraft:walk_under_water_one_cm":83279,"minecraft:boat_one_cm":204727,"minecraft:total_world_time":958326,"minecraft:raid_trigger":1,"minecraft:interact_with_grindstone":1,"minecraft:time_since_rest":12365,"minecraft:damage_taken":14857,"minecraft:swim_one_cm":455512,"minecraft:fly_one_cm":2680498,"minecraft:open_chest":362,"minecraft:fall_one_cm":441124},"minecraft:used":{"minecraft:ladder":5,"minecraft:chest":25,"minecraft:shield":83,"minecraft:iron_sword":217,"minecraft:bell":18,"minecraft:rotten_flesh":9,"minecraft:mutton":7,"minecraft:nether_bricks":5,"minecraft:crafter":1,"minecraft:carrot":70,"minecraft:acacia_sapling":23,"minecraft:obsidian":1,"minecraft:glass":249,"minecraft:lava_bucket":46,"minecraft:villager_spawn_egg":11,"minecraft:birch_sapling":4,"minecraft:iron_helmet":1,"minecraft:repeater":4,"minecraft:vault":6,"minecraft:ominous_bottle":1,"minecraft:furnace":2,"minecraft:oak_sapling":32,"minecraft:beetroot_seeds":1,"minecraft:acacia_fence":99,"minecraft:egg":16,"minecraft:potato":6,"minecraft:oak_chest_boat":2,"minecraft:acacia_trapdoor":7,"minecraft:stone_pickaxe":379,"minecraft:wooden_pickaxe":3,"minecraft:chainmail_helmet":1,"minecraft:composter":15,"minecraft:oak_leaves":52,"minecraft:sand":1,"minecraft:blast_furnace":2,"minecraft:crossbow":9,"minecraft:note_block":3,"minecraft:shears":95,"minecraft:lever":1,"minecraft:daylight_detector":9,"minecraft:stone_button":1,"minecraft:bread":162,"minecraft:brown_wool":9,"minecraft:string":28,"minecraft:gravel":6,"minecraft:grindstone":1,"minecraft:andesite":3,"minecraft:chain":8,"minecraft:oak_boat":22,"minecraft:bone_meal":16,"minecraft:oak_fence":10,"minecraft:stone_sword":510,"minecraft:acacia_log":55,"minecraft:stone_shovel":212,"minecraft:redstone":4,"minecraft:stone_hoe":135,"minecraft:netherrack":96,"minecraft:trial_key":5,"minecraft:orange_bed":19,"minecraft:torch":13,"minecraft:warped_wart_block":1,"minecraft:dirt":670,"minecraft:anvil":2,"minecraft:white_carpet":28,"minecraft:hopper":12,"minecraft:granite":4,"minecraft:oak_fence_gate":1,"minecraft:wooden_axe":61,"minecraft:iron_axe":237,"minecraft:acacia_slab":2,"minecraft:goat_horn":17,"minecraft:acacia_planks":4,"minecraft:cobbled_deepslate":19,"minecraft:observer":18,"minecraft:light_gray_bed":13,"minecraft:wheat_seeds":36,"minecraft:acacia_boat":33,"minecraft:water_bucket":126,"minecraft:birch_planks":10,"minecraft:cartography_table":1,"minecraft:fletching_table":3,"minecraft:cobblestone_slab":14,"minecraft:crafting_table":16,"minecraft:red_bed":18,"minecraft:white_bed":21,"minecraft:campfire":2,"minecraft:oak_log":9,"minecraft:piston":5,"minecraft:apple":5,"minecraft:acacia_sign":9,"minecraft:chicken":1,"minecraft:iron_pickaxe":376,"minecraft:acacia_fence_gate":2,"minecraft:stone_axe":335,"minecraft:cobblestone":492,"minecraft:white_banner":5,"minecraft:porkchop":5,"minecraft:bucket":149,"minecraft:pillager_spawn_egg":2},"minecraft:mined":{"minecraft:white_bed":6,"minecraft:jungle_leaves":3,"minecraft:granite":8,"minecraft:acacia_log":236,"minecraft:grass_block":213,"minecraft:brown_wool":9,"minecraft:jungle_log":6,"minecraft:light_gray_bed":12,"minecraft:composter":13,"minecraft:iron_ore":23,"minecraft:fire":13,"minecraft:fletching_table":2,"minecraft:nether_brick_stairs":1,"minecraft:tripwire":3,"minecraft:orange_bed":19,"minecraft:red_bed":18,"minecraft:blast_furnace":1,"minecraft:nether_quartz_ore":18,"minecraft:cobblestone":111,"minecraft:grindstone":1,"minecraft:wall_torch":1,"minecraft:warped_nylium":5,"minecraft:acacia_sapling":1,"minecraft:birch_log":36,"minecraft:wheat":32,"minecraft:oak_log":198,"minecraft:beetroots":3,"minecraft:oak_fence_gate":1,"minecraft:acacia_fence":2,"minecraft:sand":114,"minecraft:dirt":443,"minecraft:acacia_sign":1,"minecraft:netherrack":219,"minecraft:piston":2,"minecraft:oak_leaves":174,"minecraft:deepslate":19,"minecraft:daylight_detector":1,"minecraft:deepslate_diamond_ore":2,"minecraft:nether_bricks":16,"minecraft:glow_lichen":3,"minecraft:dark_oak_fence":8,"minecraft:redstone_wire":1,"minecraft:cartography_table":3,"minecraft:hay_block":69,"minecraft:carrots":43,"minecraft:andesite":6,"minecraft:bell":17,"minecraft:nether_brick_fence":1,"minecraft:potatoes":13,"minecraft:shroomlight":1,"minecraft:cobblestone_slab":6,"minecraft:vine":5,"minecraft:stone":93,"minecraft:acacia_leaves":77,"minecraft:observer":10,"minecraft:oak_fence":4,"minecraft:crafting_table":15,"minecraft:short_grass":273,"minecraft:campfire":2,"minecraft:tall_grass":22,"minecraft:diorite":11,"minecraft:warped_wart_block":1,"minecraft:birch_planks":10,"minecraft:white_carpet":2,"minecraft:birch_leaves":5,"minecraft:white_wall_banner":1,"minecraft:coal_ore":96,"minecraft:gravel":24,"minecraft:fern":4},"minecraft:dropped":{"minecraft:iron_sword":1,"minecraft:oak_log":17,"minecraft:crossbow":1,"minecraft:flint":5,"minecraft:dirt":66,"minecraft:dark_oak_fence":4,"minecraft:mutton":5,"minecraft:gold_nugget":1,"minecraft:sand":9,"minecraft:iron_pickaxe":1,"minecraft:fishing_rod":1,"minecraft:bone":3,"minecraft:gravel":6,"minecraft:pillager_spawn_egg":1,"minecraft:wheat":5,"minecraft:rotten_flesh":7,"minecraft:carrot":3,"minecraft:poppy":952,"minecraft:gunpowder":10,"minecraft:chainmail_boots":24,"minecraft:ladder":1,"minecraft:arrow":2,"minecraft:glass":33,"minecraft:warped_wart_block":1,"minecraft:quartz":70,"minecraft:acacia_fence":3,"minecraft:oak_leaves":63,"minecraft:netherrack":3,"minecraft:golden_boots":1,"minecraft:iron_ingot":18,"minecraft:bread":68,"minecraft:wheat_seeds":21,"minecraft:lead":3,"minecraft:cobblestone":129,"minecraft:granite":4,"minecraft:chainmail_helmet":13,"minecraft:acacia_log":30,"minecraft:stick":1,"minecraft:diorite":3,"minecraft:iron_leggings":3,"minecraft:string":9,"minecraft:bucket":1,"minecraft:acacia_planks":7,"minecraft:iron_boots":3,"minecraft:name_tag":2,"minecraft:shield":2,"minecraft:iron_chestplate":2,"minecraft:diamond_pickaxe":1,"minecraft:stone_pickaxe":2},"minecraft:killed":{"minecraft:zombified_piglin":10,"minecraft:spider":7,"minecraft:skeleton":24,"minecraft:chicken":1,"minecraft:magma_cube":13,"minecraft:pig":1,"minecraft:zombie_villager":1,"minecraft:iron_golem":1,"minecraft:creeper":5,"minecraft:sheep":12,"minecraft:trader_llama":2,"minecraft:pillager":45,"minecraft:zombie":50,"minecraft:blaze":1,"minecraft:cow":1,"minecraft:armadillo":1,"minecraft:vindicator":4,"minecraft:phantom":1,"minecraft:horse":1,"minecraft:drowned":1,"minecraft:wandering_trader":1,"minecraft:ravager":2,"minecraft:wither_skeleton":1,"minecraft:villager":18,"minecraft:enderman":1},"minecraft:broken":{"minecraft:golden_boots":1,"minecraft:stone_pickaxe":3,"minecraft:stone_axe":3,"minecraft:wooden_axe":1,"minecraft:stone_shovel":1,"minecraft:stone_sword":3,"minecraft:iron_pickaxe":1}},"DataVersion":3953}