{"stats":{"minecraft:mined":{"minecraft:white_bed":3,"minecraft:jungle_leaves":3,"minecraft:glow_lichen":3,"minecraft:granite":4,"minecraft:acacia_log":159,"minecraft:grass_block":96,"minecraft:brown_wool":9,"minecraft:jungle_log":6,"minecraft:cartography_table":2,"minecraft:composter":13,"minecraft:hay_block":69,"minecraft:carrots":43,"minecraft:iron_ore":23,"minecraft:fire":1,"minecraft:bell":11,"minecraft:shroomlight":1,"minecraft:potatoes":13,"minecraft:vine":1,"minecraft:stone":39,"minecraft:tripwire":1,"minecraft:orange_bed":17,"minecraft:acacia_leaves":50,"minecraft:red_bed":16,"minecraft:crafting_table":10,"minecraft:short_grass":112,"minecraft:nether_quartz_ore":15,"minecraft:tall_grass":5,"minecraft:cobblestone":12,"minecraft:wall_torch":1,"minecraft:birch_planks":10,"minecraft:warped_nylium":1,"minecraft:acacia_sapling":1,"minecraft:birch_log":5,"minecraft:wheat":32,"minecraft:white_carpet":2,"minecraft:birch_leaves":1,"minecraft:oak_log":17,"minecraft:coal_ore":44,"minecraft:beetroots":3,"minecraft:oak_fence_gate":1,"minecraft:gravel":7,"minecraft:sand":111,"minecraft:dirt":177,"minecraft:acacia_sign":1,"minecraft:netherrack":5,"minecraft:oak_leaves":35,"minecraft:fern":1},"minecraft:used":{"minecraft:stone_sword":158,"minecraft:acacia_log":55,"minecraft:stone_shovel":212,"minecraft:chest":5,"minecraft:bell":12,"minecraft:netherrack":3,"minecraft:stone_hoe":135,"minecraft:trial_key":5,"minecraft:orange_bed":17,"minecraft:torch":13,"minecraft:dirt":304,"minecraft:mutton":7,"minecraft:white_carpet":26,"minecraft:hopper":2,"minecraft:crafter":1,"minecraft:carrot":67,"minecraft:acacia_sapling":12,"minecraft:granite":4,"minecraft:oak_fence_gate":1,"minecraft:glass":239,"minecraft:wooden_axe":61,"minecraft:lava_bucket":19,"minecraft:acacia_slab":1,"minecraft:vault":6,"minecraft:oak_sapling":6,"minecraft:furnace":2,"minecraft:beetroot_seeds":1,"minecraft:acacia_fence":51,"minecraft:egg":11,"minecraft:potato":6,"minecraft:acacia_planks":4,"minecraft:oak_chest_boat":1,"minecraft:wheat_seeds":36,"minecraft:water_bucket":30,"minecraft:birch_planks":10,"minecraft:acacia_trapdoor":3,"minecraft:stone_pickaxe":195,"minecraft:wooden_pickaxe":3,"minecraft:composter":15,"minecraft:crafting_table":11,"minecraft:red_bed":16,"minecraft:white_bed":18,"minecraft:acacia_sign":9,"minecraft:chicken":1,"minecraft:string":26,"minecraft:bread":90,"minecraft:brown_wool":9,"minecraft:acacia_fence_gate":2,"minecraft:stone_axe":213,"minecraft:cobblestone":162,"minecraft:porkchop":2,"minecraft:bucket":50,"minecraft:chain":8,"minecraft:oak_boat":14,"minecraft:bone_meal":16},"minecraft:custom":{"minecraft:mob_kills":80,"minecraft:animals_bred":2,"minecraft:inspect_hopper":1,"minecraft:interact_with_crafting_table":56,"minecraft:bell_ring":202,"minecraft:leave_game":11,"minecraft:time_since_death":6908,"minecraft:climb_one_cm":3534,"minecraft:sprint_one_cm":782442,"minecraft:walk_one_cm":552605,"minecraft:drop":21,"minecraft:talked_to_villager":27,"minecraft:play_time":368347,"minecraft:sneak_time":22042,"minecraft:deaths":12,"minecraft:walk_under_water_one_cm":37668,"minecraft:boat_one_cm":88019,"minecraft:jump":6583,"minecraft:walk_on_water_one_cm":96149,"minecraft:total_world_time":368347,"minecraft:interact_with_furnace":89,"minecraft:traded_with_villager":6,"minecraft:interact_with_cartography_table":1,"minecraft:sleep_in_bed":17,"minecraft:time_since_rest":6932,"minecraft:damage_taken":6417,"minecraft:damage_dealt":12672,"minecraft:swim_one_cm":229169,"minecraft:fly_one_cm":1257595,"minecraft:player_kills":1,"minecraft:open_chest":77,"minecraft:crouch_one_cm":60758,"minecraft:fall_one_cm":198730,"minecraft:horse_one_cm":297729},"minecraft:picked_up":{"minecraft:crafting_table":10,"minecraft:wheat":7,"minecraft:chicken":1,"minecraft:lead":17,"minecraft:wind_charge":3,"minecraft:red_bed":16,"minecraft:string":11,"minecraft:iron_axe":2,"minecraft:white_carpet":2,"minecraft:shroomlight":1,"minecraft:gold_nugget":1,"minecraft:cartography_table":2,"minecraft:bucket":1,"minecraft:beef":1,"minecraft:acacia_sign":1,"minecraft:oak_boat":16,"minecraft:iron_nugget":26,"minecraft:light_gray_wool":5,"minecraft:egg":11,"minecraft:tipped_arrow":7,"minecraft:stick":18,"minecraft:raw_iron":24,"minecraft:acacia_fence":50,"minecraft:composter":13,"minecraft:oak_fence":20,"minecraft:torch":1,"minecraft:acacia_log":159,"minecraft:porkchop":2,"minecraft:diorite":3,"minecraft:carrot":79,"minecraft:orange_bed":17,"minecraft:rotten_flesh":35,"minecraft:arrow":27,"minecraft:beetroot_seeds":1,"minecraft:hay_block":91,"minecraft:armadillo_scute":11,"minecraft:mutton":17,"minecraft:white_wool":92,"minecraft:cobblestone":61,"minecraft:birch_log":5,"minecraft:feather":1,"minecraft:jungle_log":6,"minecraft:brown_wool":9,"minecraft:leather":6,"minecraft:potato":12,"minecraft:birch_planks":10,"minecraft:flint":1,"minecraft:oak_log":18,"minecraft:gunpowder":1,"minecraft:dirt":310,"minecraft:glass":3,"minecraft:bone":18,"minecraft:acacia_planks":51,"minecraft:apple":2,"minecraft:bow":1,"minecraft:wheat_seeds":42,"minecraft:stone_pickaxe":1,"minecraft:bell":12,"minecraft:oak_fence_gate":1,"minecraft:iron_ingot":9,"minecraft:acacia_sapling":26,"minecraft:quartz":22,"minecraft:gravel":6,"minecraft:sand":111,"minecraft:white_bed":3,"minecraft:spider_eye":1,"minecraft:granite":4,"minecraft:crossbow":1,"minecraft:diamond_axe":1,"minecraft:gray_wool":2,"minecraft:emerald":2,"minecraft:music_disc_precipice":1,"minecraft:oak_sapling":6,"minecraft:netherrack":6,"minecraft:coal":44},"minecraft:dropped":{"minecraft:bread":64,"minecraft:wheat_seeds":1,"minecraft:oak_log":17,"minecraft:acacia_log":29,"minecraft:stick":1,"minecraft:dirt":2,"minecraft:diorite":3,"minecraft:mutton":3,"minecraft:string":9,"minecraft:bucket":1,"minecraft:bone":1,"minecraft:wheat":3,"minecraft:arrow":2,"minecraft:quartz":7,"minecraft:acacia_fence":2},"minecraft:killed_by":{"minecraft:creeper":1,"minecraft:drowned":1,"minecraft:skeleton":2,"minecraft:zombie":5},"minecraft:broken":{"minecraft:stone_sword":1,"minecraft:stone_pickaxe":1,"minecraft:stone_axe":2,"minecraft:wooden_axe":1,"minecraft:stone_shovel":1},"minecraft:killed":{"minecraft:armadillo":1,"minecraft:spider":5,"minecraft:skeleton":14,"minecraft:horse":1,"minecraft:chicken":1,"minecraft:drowned":1,"minecraft:pig":1,"minecraft:zombie_villager":1,"minecraft:creeper":3,"minecraft:sheep":12,"minecraft:zombie":30,"minecraft:cow":1},"minecraft:crafted":{"minecraft:oak_planks":4,"minecraft:stone_shovel":3,"minecraft:wolf_armor":1,"minecraft:furnace":2,"minecraft:acacia_fence_gate":2,"minecraft:bone_meal":18,"minecraft:white_carpet":24,"minecraft:glass":309,"minecraft:hopper":4,"minecraft:stone_pickaxe":1,"minecraft:chest":10,"minecraft:acacia_fence":3,"minecraft:stone_hoe":1,"minecraft:wheat":807,"minecraft:emerald":6,"minecraft:crafting_table":3,"minecraft:acacia_slab":18,"minecraft:wooden_pickaxe":1,"minecraft:acacia_trapdoor":4,"minecraft:bucket":1,"minecraft:birch_planks":20,"minecraft:stone_axe":2,"minecraft:bread":209,"minecraft:air":0,"minecraft:oak_chest_boat":1,"minecraft:charcoal":7,"minecraft:acacia_sign":24,"minecraft:stick":24,"minecraft:iron_ingot":23,"minecraft:wooden_axe":1,"minecraft:stone_sword":1,"minecraft:white_bed":15,"minecraft:composter":2,"minecraft:acacia_planks":216,"minecraft:torch":12,"minecraft:shears":1}},"DataVersion":3953}