{"stats":{"minecraft:custom":{"minecraft:time_since_rest":14567,"minecraft:sprint_one_cm":234596,"minecraft:damage_taken":1340,"minecraft:walk_one_cm":59567,"minecraft:mob_kills":5,"minecraft:drop":16,"minecraft:damage_dealt":2099,"minecraft:interact_with_crafting_table":6,"minecraft:swim_one_cm":101552,"minecraft:fly_one_cm":443785,"minecraft:talked_to_villager":3,"minecraft:open_chest":49,"minecraft:open_shulker_box":4,"minecraft:play_time":157813,"minecraft:crouch_one_cm":1588,"minecraft:deaths":2,"minecraft:sneak_time":922,"minecraft:walk_under_water_one_cm":25002,"minecraft:boat_one_cm":3067,"minecraft:jump":2285,"minecraft:leave_game":7,"minecraft:time_since_death":134369,"minecraft:walk_on_water_one_cm":46816,"minecraft:sleep_in_bed":1,"minecraft:total_world_time":157813,"minecraft:climb_one_cm":7591,"minecraft:fall_one_cm":59798,"minecraft:horse_one_cm":1045},"minecraft:picked_up":{"minecraft:oak_slab":1,"minecraft:crafting_table":1,"minecraft:jungle_log":1,"minecraft:andesite":16,"minecraft:torch":1,"minecraft:quartz":25,"minecraft:porkchop":1,"minecraft:oak_log":1,"minecraft:redstone":47,"minecraft:dirt":10,"minecraft:shulker_box":3,"minecraft:raw_copper":39,"minecraft:bone":3,"minecraft:arrow":2,"minecraft:bow":1,"minecraft:wheat_seeds":9,"minecraft:iron_ingot":3,"minecraft:egg":1,"minecraft:cobblestone":86},"minecraft:used":{"minecraft:oak_log":1,"minecraft:water_bucket":1,"minecraft:diamond_pickaxe":142,"minecraft:iron_axe":2,"minecraft:bread":13,"minecraft:iron_sword":33,"minecraft:torch":2,"minecraft:netherrack":1,"minecraft:dirt":10,"minecraft:cobblestone":24,"minecraft:oak_slab":3,"minecraft:porkchop":1,"minecraft:bucket":1,"minecraft:shulker_box":3,"minecraft:egg":1},"minecraft:dropped":{"minecraft:wheat_seeds":9,"minecraft:cobbled_deepslate":8,"minecraft:raw_copper":26,"minecraft:cobblestone":5,"minecraft:spider_eye":2,"minecraft:observer":12,"minecraft:string":1,"minecraft:white_wool":1,"minecraft:bone":4,"minecraft:redstone":139},"minecraft:killed_by":{"minecraft:skeleton":1,"minecraft:zombie":1},"minecraft:crafted":{"minecraft:diamond_leggings":1,"minecraft:iron_helmet":1,"minecraft:observer":21,"minecraft:diamond_chestplate":1},"minecraft:killed":{"minecraft:skeleton":3,"minecraft:pig":1,"minecraft:iron_golem":1},"minecraft:mined":{"minecraft:redstone_ore":11,"minecraft:wheat":7,"minecraft:andesite":16,"minecraft:shulker_box":3,"minecraft:crafting_table":1,"minecraft:granite":3,"minecraft:short_grass":5,"minecraft:grass_block":2,"minecraft:gravel":4,"minecraft:dirt":8,"minecraft:copper_ore":3,"minecraft:cobblestone":27,"minecraft:stone":65,"minecraft:oak_leaves":10,"minecraft:wall_torch":1}},"DataVersion":3953}