{"stats":{"minecraft:mined":{"minecraft:brown_mushroom":3,"minecraft:shulker_box":6,"minecraft:torch":4,"minecraft:crafting_table":1,"minecraft:nether_bricks":1,"minecraft:granite":3,"minecraft:short_grass":7,"minecraft:grass_block":3,"minecraft:copper_ore":3,"minecraft:cobblestone":36,"minecraft:wall_torch":3,"minecraft:redstone_ore":11,"minecraft:wheat":7,"minecraft:fire":2,"minecraft:andesite":16,"minecraft:dirt":13,"minecraft:gravel":4,"minecraft:stone":66,"minecraft:oak_leaves":10},"minecraft:crafted":{"minecraft:iron_helmet":1,"minecraft:diamond_leggings":1,"minecraft:diamond_chestplate":1,"minecraft:observer":21},"minecraft:picked_up":{"minecraft:crafting_table":1,"minecraft:jungle_log":1,"minecraft:andesite":16,"minecraft:brown_mushroom":5,"minecraft:oak_log":1,"minecraft:wither_skeleton_skull":1,"minecraft:dirt":38,"minecraft:raw_copper":39,"minecraft:bone":5,"minecraft:bow":1,"minecraft:wheat_seeds":9,"minecraft:cobbled_deepslate":9,"minecraft:iron_ingot":3,"minecraft:egg":1,"minecraft:oak_slab":1,"minecraft:stick":9,"minecraft:torch":8,"minecraft:quartz":25,"minecraft:porkchop":1,"minecraft:diorite":32,"minecraft:redstone":47,"minecraft:shulker_box":7,"minecraft:arrow":2,"minecraft:rotten_flesh":5,"minecraft:nether_bricks":1,"minecraft:oak_sapling":12,"minecraft:cobblestone":95},"minecraft:killed_by":{"minecraft:player":3,"minecraft:wither_skeleton":1,"minecraft:skeleton":1,"minecraft:zombie":1,"minecraft:enderman":1},"minecraft:dropped":{"minecraft:brown_mushroom":1,"minecraft:wheat_seeds":9,"minecraft:cobbled_deepslate":26,"minecraft:raw_copper":26,"minecraft:rotten_flesh":5,"minecraft:cobblestone":5,"minecraft:observer":12,"minecraft:diorite":32,"minecraft:spider_eye":2,"minecraft:string":1,"minecraft:white_wool":1,"minecraft:bone":4,"minecraft:redstone":139},"minecraft:custom":{"minecraft:mob_kills":9,"minecraft:interact_with_crafting_table":6,"minecraft:open_shulker_box":9,"minecraft:leave_game":10,"minecraft:time_since_death":8289,"minecraft:sleep_in_bed":2,"minecraft:climb_one_cm":13854,"minecraft:time_since_rest":8333,"minecraft:sprint_one_cm":469033,"minecraft:damage_taken":3506,"minecraft:walk_one_cm":114605,"minecraft:drop":25,"minecraft:damage_dealt":3403,"minecraft:swim_one_cm":174569,"minecraft:talked_to_villager":8,"minecraft:fly_one_cm":875841,"minecraft:open_chest":60,"minecraft:crouch_one_cm":4499,"minecraft:play_time":236355,"minecraft:deaths":8,"minecraft:sneak_time":1595,"minecraft:walk_under_water_one_cm":31430,"minecraft:boat_one_cm":3067,"minecraft:jump":4432,"minecraft:walk_on_water_one_cm":58096,"minecraft:total_world_time":236355,"minecraft:fall_one_cm":131915,"minecraft:horse_one_cm":1045},"minecraft:killed":{"minecraft:pig":1,"minecraft:iron_golem":1,"minecraft:skeleton":3,"minecraft:zombie":4},"minecraft:used":{"minecraft:water_bucket":11,"minecraft:iron_sword":54,"minecraft:netherrack":1,"minecraft:torch":13,"minecraft:dirt":38,"minecraft:oak_slab":3,"minecraft:shulker_box":6,"minecraft:oak_log":1,"minecraft:diamond_pickaxe":157,"minecraft:iron_axe":2,"minecraft:bread":34,"minecraft:cobblestone":64,"minecraft:porkchop":1,"minecraft:bucket":11,"minecraft:egg":1}},"DataVersion":3953}