{"stats":{"minecraft:killed":{"minecraft:pig":1,"minecraft:spider":1,"minecraft:iron_golem":1,"minecraft:skeleton":4,"minecraft:zombie":5,"minecraft:drowned":1},"minecraft:custom":{"minecraft:mob_kills":13,"minecraft:interact_with_crafting_table":7,"minecraft:open_shulker_box":10,"minecraft:leave_game":14,"minecraft:time_since_death":157,"minecraft:sleep_in_bed":8,"minecraft:climb_one_cm":16227,"minecraft:time_since_rest":1581,"minecraft:sprint_one_cm":731866,"minecraft:damage_taken":5745,"minecraft:walk_one_cm":195155,"minecraft:drop":25,"minecraft:damage_dealt":4154,"minecraft:swim_one_cm":244934,"minecraft:talked_to_villager":8,"minecraft:player_kills":1,"minecraft:fly_one_cm":1393978,"minecraft:open_chest":94,"minecraft:crouch_one_cm":4986,"minecraft:play_time":326699,"minecraft:deaths":14,"minecraft:sneak_time":2030,"minecraft:walk_under_water_one_cm":40142,"minecraft:boat_one_cm":3067,"minecraft:jump":6932,"minecraft:walk_on_water_one_cm":86773,"minecraft:total_world_time":326699,"minecraft:fall_one_cm":209990,"minecraft:horse_one_cm":1045},"minecraft:picked_up":{"minecraft:crafting_table":1,"minecraft:andesite":16,"minecraft:jungle_log":1,"minecraft:brown_mushroom":5,"minecraft:oak_log":1,"minecraft:wither_skeleton_skull":1,"minecraft:dirt":40,"minecraft:string":1,"minecraft:raw_copper":39,"minecraft:bone":6,"minecraft:bow":1,"minecraft:wheat_seeds":9,"minecraft:cobbled_deepslate":9,"minecraft:iron_ingot":3,"minecraft:egg":4,"minecraft:oak_slab":1,"minecraft:stick":9,"minecraft:torch":8,"minecraft:quartz":25,"minecraft:porkchop":1,"minecraft:diorite":32,"minecraft:white_bed":1,"minecraft:redstone":47,"minecraft:shulker_box":8,"minecraft:arrow":4,"minecraft:rotten_flesh":8,"minecraft:nether_bricks":1,"minecraft:bread":10,"minecraft:oak_sapling":12,"minecraft:cobblestone":98},"minecraft:dropped":{"minecraft:brown_mushroom":1,"minecraft:wheat_seeds":9,"minecraft:cobbled_deepslate":26,"minecraft:raw_copper":26,"minecraft:rotten_flesh":5,"minecraft:cobblestone":5,"minecraft:observer":12,"minecraft:diorite":32,"minecraft:spider_eye":2,"minecraft:string":1,"minecraft:white_wool":1,"minecraft:bone":4,"minecraft:redstone":139},"minecraft:crafted":{"minecraft:iron_helmet":1,"minecraft:diamond_leggings":1,"minecraft:diamond_chestplate":1,"minecraft:observer":21},"minecraft:mined":{"minecraft:brown_mushroom":3,"minecraft:shulker_box":7,"minecraft:crafting_table":1,"minecraft:torch":4,"minecraft:nether_bricks":1,"minecraft:granite":3,"minecraft:short_grass":17,"minecraft:grass_block":5,"minecraft:copper_ore":3,"minecraft:cobblestone":40,"minecraft:wall_torch":3,"minecraft:redstone_ore":11,"minecraft:wheat":7,"minecraft:fire":2,"minecraft:andesite":16,"minecraft:dirt":13,"minecraft:gravel":4,"minecraft:stone":66,"minecraft:oak_leaves":10},"minecraft:broken":{"minecraft:iron_boots":1},"minecraft:used":{"minecraft:water_bucket":18,"minecraft:iron_sword":74,"minecraft:netherrack":1,"minecraft:torch":13,"minecraft:dirt":38,"minecraft:oak_slab":9,"minecraft:shulker_box":7,"minecraft:white_bed":1,"minecraft:oak_log":1,"minecraft:glass":76,"minecraft:diamond_pickaxe":162,"minecraft:iron_axe":2,"minecraft:bread":55,"minecraft:cobblestone":68,"minecraft:porkchop":1,"minecraft:bucket":18,"minecraft:egg":4},"minecraft:killed_by":{"minecraft:player":5,"minecraft:wither_skeleton":1,"minecraft:skeleton":1,"minecraft:creeper":1,"minecraft:zombie":2,"minecraft:enderman":1}},"DataVersion":3953}