{"stats":{"minecraft:custom":{"minecraft:time_since_rest":116477,"minecraft:sprint_one_cm":159883,"minecraft:damage_taken":1106,"minecraft:walk_one_cm":40694,"minecraft:mob_kills":5,"minecraft:drop":16,"minecraft:damage_dealt":1931,"minecraft:interact_with_crafting_table":6,"minecraft:swim_one_cm":92179,"minecraft:fly_one_cm":351017,"minecraft:talked_to_villager":3,"minecraft:open_chest":35,"minecraft:open_shulker_box":3,"minecraft:play_time":139813,"minecraft:crouch_one_cm":1364,"minecraft:deaths":2,"minecraft:sneak_time":751,"minecraft:walk_under_water_one_cm":24349,"minecraft:boat_one_cm":3067,"minecraft:jump":1790,"minecraft:leave_game":7,"minecraft:time_since_death":116369,"minecraft:walk_on_water_one_cm":44619,"minecraft:total_world_time":139813,"minecraft:climb_one_cm":6275,"minecraft:fall_one_cm":44707,"minecraft:horse_one_cm":1045},"minecraft:picked_up":{"minecraft:crafting_table":1,"minecraft:andesite":16,"minecraft:quartz":25,"minecraft:porkchop":1,"minecraft:redstone":47,"minecraft:dirt":9,"minecraft:shulker_box":2,"minecraft:raw_copper":39,"minecraft:bone":3,"minecraft:arrow":2,"minecraft:wheat_seeds":9,"minecraft:iron_ingot":3,"minecraft:cobblestone":78},"minecraft:used":{"minecraft:water_bucket":1,"minecraft:diamond_pickaxe":137,"minecraft:iron_axe":1,"minecraft:bread":5,"minecraft:iron_sword":31,"minecraft:netherrack":1,"minecraft:dirt":9,"minecraft:cobblestone":14,"minecraft:bucket":1,"minecraft:shulker_box":2},"minecraft:dropped":{"minecraft:wheat_seeds":9,"minecraft:cobbled_deepslate":8,"minecraft:raw_copper":26,"minecraft:cobblestone":5,"minecraft:spider_eye":2,"minecraft:observer":12,"minecraft:string":1,"minecraft:white_wool":1,"minecraft:bone":4,"minecraft:redstone":139},"minecraft:killed_by":{"minecraft:skeleton":1,"minecraft:zombie":1},"minecraft:crafted":{"minecraft:diamond_leggings":1,"minecraft:iron_helmet":1,"minecraft:observer":21,"minecraft:diamond_chestplate":1},"minecraft:killed":{"minecraft:skeleton":3,"minecraft:pig":1,"minecraft:iron_golem":1},"minecraft:mined":{"minecraft:redstone_ore":11,"minecraft:wheat":7,"minecraft:andesite":16,"minecraft:shulker_box":2,"minecraft:crafting_table":1,"minecraft:granite":3,"minecraft:short_grass":5,"minecraft:grass_block":2,"minecraft:gravel":4,"minecraft:dirt":7,"minecraft:copper_ore":3,"minecraft:cobblestone":22,"minecraft:stone":65,"minecraft:oak_leaves":10}},"DataVersion":3953}