{"stats":{"minecraft:mined":{"minecraft:shulker_box":3,"minecraft:crafting_table":1,"minecraft:nether_bricks":1,"minecraft:granite":3,"minecraft:short_grass":5,"minecraft:grass_block":2,"minecraft:copper_ore":3,"minecraft:cobblestone":28,"minecraft:wall_torch":3,"minecraft:redstone_ore":11,"minecraft:wheat":7,"minecraft:fire":2,"minecraft:andesite":16,"minecraft:dirt":8,"minecraft:gravel":4,"minecraft:stone":66,"minecraft:oak_leaves":10},"minecraft:crafted":{"minecraft:iron_helmet":1,"minecraft:diamond_leggings":1,"minecraft:diamond_chestplate":1,"minecraft:observer":21},"minecraft:picked_up":{"minecraft:crafting_table":1,"minecraft:jungle_log":1,"minecraft:andesite":16,"minecraft:oak_log":1,"minecraft:wither_skeleton_skull":1,"minecraft:dirt":10,"minecraft:raw_copper":39,"minecraft:bone":5,"minecraft:bow":1,"minecraft:wheat_seeds":9,"minecraft:iron_ingot":3,"minecraft:egg":1,"minecraft:oak_slab":1,"minecraft:torch":4,"minecraft:quartz":25,"minecraft:porkchop":1,"minecraft:redstone":47,"minecraft:shulker_box":3,"minecraft:arrow":2,"minecraft:rotten_flesh":4,"minecraft:nether_bricks":1,"minecraft:cobblestone":87},"minecraft:killed_by":{"minecraft:player":2,"minecraft:wither_skeleton":1,"minecraft:skeleton":1,"minecraft:zombie":1,"minecraft:enderman":1},"minecraft:dropped":{"minecraft:wheat_seeds":9,"minecraft:cobbled_deepslate":8,"minecraft:raw_copper":26,"minecraft:rotten_flesh":4,"minecraft:cobblestone":5,"minecraft:observer":12,"minecraft:spider_eye":2,"minecraft:string":1,"minecraft:white_wool":1,"minecraft:bone":4,"minecraft:redstone":139},"minecraft:custom":{"minecraft:mob_kills":7,"minecraft:interact_with_crafting_table":6,"minecraft:open_shulker_box":4,"minecraft:leave_game":10,"minecraft:time_since_death":12222,"minecraft:sleep_in_bed":2,"minecraft:climb_one_cm":7591,"minecraft:time_since_rest":8064,"minecraft:sprint_one_cm":406924,"minecraft:damage_taken":2980,"minecraft:walk_one_cm":100202,"minecraft:drop":20,"minecraft:damage_dealt":2832,"minecraft:swim_one_cm":117628,"minecraft:talked_to_villager":8,"minecraft:fly_one_cm":652037,"minecraft:open_chest":54,"minecraft:crouch_one_cm":3072,"minecraft:play_time":200355,"minecraft:deaths":7,"minecraft:sneak_time":1346,"minecraft:walk_under_water_one_cm":27027,"minecraft:boat_one_cm":3067,"minecraft:jump":3407,"minecraft:walk_on_water_one_cm":49631,"minecraft:total_world_time":200355,"minecraft:fall_one_cm":96256,"minecraft:horse_one_cm":1045},"minecraft:killed":{"minecraft:pig":1,"minecraft:iron_golem":1,"minecraft:skeleton":3,"minecraft:zombie":2},"minecraft:used":{"minecraft:water_bucket":5,"minecraft:iron_sword":46,"minecraft:netherrack":1,"minecraft:torch":9,"minecraft:dirt":10,"minecraft:oak_slab":3,"minecraft:shulker_box":3,"minecraft:oak_log":1,"minecraft:diamond_pickaxe":145,"minecraft:iron_axe":2,"minecraft:bread":23,"minecraft:cobblestone":48,"minecraft:porkchop":1,"minecraft:bucket":5,"minecraft:egg":1}},"DataVersion":3953}