{"stats":{"minecraft:picked_up":{"minecraft:oak_log":12,"minecraft:oak_sapling":2},"minecraft:crafted":{"minecraft:oak_planks":24,"minecraft:iron_axe":2,"minecraft:stick":8,"minecraft:iron_pickaxe":2},"minecraft:killed":{"minecraft:spider":1},"minecraft:mined":{"minecraft:short_grass":3,"minecraft:oak_log":12},"minecraft:custom":{"minecraft:time_since_rest":5137,"minecraft:open_chest":1,"minecraft:crouch_one_cm":64,"minecraft:play_time":5137,"minecraft:sprint_one_cm":15308,"minecraft:damage_taken":57,"minecraft:walk_one_cm":6544,"minecraft:sneak_time":108,"minecraft:walk_under_water_one_cm":1035,"minecraft:mob_kills":1,"minecraft:jump":104,"minecraft:damage_dealt":160,"minecraft:time_since_death":5137,"minecraft:leave_game":1,"minecraft:walk_on_water_one_cm":1097,"minecraft:total_world_time":5137,"minecraft:swim_one_cm":9406,"minecraft:interact_with_crafting_table":1,"minecraft:fall_one_cm":2779,"minecraft:fly_one_cm":26127},"minecraft:used":{"minecraft:oak_sapling":2,"minecraft:iron_axe":9}},"DataVersion":3953}